,sentence,university,moral_label
0,demand factors are affected by the increasing digitalization of the new generations of students.,BOCCONI UNIVERSITY STRATEGY,0
1,"the launch of entire online programs from some american and european institutions (such as arizona state, warwick, and others) and more recent developments of video on demand models from important competitors such as harvard business school, mit and others have started remodeling the landscape of higher education.",BOCCONI UNIVERSITY STRATEGY,0
2,"the fact that the courses offered by the best and most well known professors from prestigious universities are easily available for free on the web represented a challenge and, at the same time, had clear implications on the learning process.",BOCCONI UNIVERSITY STRATEGY,0
3,"similarly, the fact that new generations are used to easily finding contents and knowledge freely on the web had clear implications for the value added expected by students from class activities and, more generally, university campus life.",BOCCONI UNIVERSITY STRATEGY,0
4,"as an example, today it is possible to produce micro data on consumption and savings and link them to specifc actions undertaken by corporations within industries and with macro shocks.",BOCCONI UNIVERSITY STRATEGY,0
5,"on the other hand, it has emphasized the relevance of interdisciplinary research in both data collection (the skills required to collect data are becoming deeper and wider, linking experts in computer science with experts in behavioral sciences) and data interpretation (with new models crossing specialized scientific fields to address relevant problems such as climate change).",BOCCONI UNIVERSITY STRATEGY,0
6,"finally, the exponential growth of social networks made possible by technological evolution has had a significant impact on the new generations of students’ attitudes and behavior, often presenting implications relevant to higher education institutions’ teaching and research activities, and more generally for societal development, igniting new phenomena like technology addiction, fake news diffusion, and potential threats to democratic processes.",BOCCONI UNIVERSITY STRATEGY,1
7,"international student exchanges, double degrees and international partnerships in general among higher education institutions have literally boomed during the last two decades, with asian students playing a significant role in the growth of the international flow of students across the globe.",BOCCONI UNIVERSITY STRATEGY,0
8,"similarly, the number of faculty and researchers working abroad has grown significantly, together with international cooperation among researchers of different countries.",BOCCONI UNIVERSITY STRATEGY,0
9,"these two major trends are likely to be affected in opposite ways by the emergency crisis generated by the pandemic that spread across the entire world in 2020. while the use of digital technologies for teaching and learning has experienced an exponential growth during the crisis and the role of science and interdisciplinary research has become even more important in the interaction between science and politics during the covid pandemic, the globalization of the higher education industry has suffered a sudden dropoff, mostly due to the constraints on international travel and mobility.",BOCCONI UNIVERSITY STRATEGY,0
10,"indeed, while digital platforms have experienced a boom and a large part of the developed world has moved from a traditional physical face to face educational model to an online one, the international flow of students has suffered a major drawback, with most foreign students returning to their home countries and international study abroad experiences being temporarily suspended due to the risk of cross border contagion.",BOCCONI UNIVERSITY STRATEGY,0
11,"while it is difficult to predict how the situation will evolve in the future, it is reasonable to assume that these two opposite effects will not merely last for a few months, but will rather affect the evolution of higher education in the next few years.",BOCCONI UNIVERSITY STRATEGY,0
12,"indeed, the sudden acceleration of online educational activities is likely to continue affecting universities and business schools worldwide.",BOCCONI UNIVERSITY STRATEGY,0
13,"similarly, the slowdown in the globalization of the industry is also likely to have some long lasting effects.",BOCCONI UNIVERSITY STRATEGY,0
14,"in addition to the above mentioned effects, the health crisis generated by the covid 19 pandemic is likely to lead to some additional important consequences, that will also affect the higher education industry: a global recession that will reduce job opportunities in the most severely hit industries, such as tourism, entertainment, hospitality, automotive; a reduction in the international mobility of people and goods, which will impact global trade and the global manufacturing platforms of production; a significant increase of debt - both in the public and private sector - as a consequence of the economic downturn, with leverage increasing in all economic segments, i.e.",BOCCONI UNIVERSITY STRATEGY,0
15,"households, corporates and governments; a significant increase in the role and weight of the public sector in most advanced market economies, where the possibility of overcoming the financial difficulties suffered by households and private firms, especially smes, has only been possible thanks to government intervention.",BOCCONI UNIVERSITY STRATEGY,0
16,"they include, but are not limited to: understanding the future challenges and opportunities for a european institution with global ambitions like bocconi university requires us to carefully examine the above mentioned implications, together with the more general scenario that lies ahead.",BOCCONI UNIVERSITY STRATEGY,0
17,"a more specific analysis of the main strengths and weaknesses of bocconi, in light of the above mentioned trends and challenges, is then presented in section (iv).",BOCCONI UNIVERSITY STRATEGY,0
18,the analysis presented in this document has significantly benefited from individual interviews to the members of the international advisory committee (iac) of bocconi university and from discussions with the members of the board of directors.,BOCCONI UNIVERSITY STRATEGY,0
19,"also, the results of an open survey to the entire faculty has provided significant contributions, together with individual colloquia with the school deans, the department directors and key members of the administrative staff.",BOCCONI UNIVERSITY STRATEGY,0
20,"finally, important input has also been provided by the bocconi alumni community and by the students’ representatives.",BOCCONI UNIVERSITY STRATEGY,0
21,"the reduction in revenues (student intake, fundraising, executive education) and increase in costs (health and safety, technology); the decrease in the international mobility of talented international students and professors; problems related to the supply of internships and placement opportunities for students and graduates; the potential reduction in state funding given the budget constraints that will likely be faced by local and national governments; the emergence of new issues and challenges for the world economy to be addressed by rigorous research; problems related to class size and, more generally, the teaching and learning model given the physical distance constraints; an increased need of scholarships and financial aid for students whose families are facing economic and financial problems.",BOCCONI UNIVERSITY STRATEGY,0
22,"this is relevant not only to understand how the market for higher education will evolve globally, but also to better identify the major trends that will affect the demand for tertiary education in the different macro regions of the world.",BOCCONI UNIVERSITY STRATEGY,0
23,"in doing so, a number of projections by eurostat, the un, the world bank and other sources have been used.",BOCCONI UNIVERSITY STRATEGY,0
24,"while most of these projections and estimates were formulated before the 2020 covid 19 pandemic crisis, it is reasonable to assume that they still hold, especially as far as demographics in europe, america and asia are concerned.",BOCCONI UNIVERSITY STRATEGY,0
25,"figure 1 | european union population projection 1. based on this analysis, a number of important evidences have been identified.",BOCCONI UNIVERSITY STRATEGY,0
26,"first, despite the low fertility rate in a number of countries of the old continent, the eu (27 countries + uk) population is expected to continue to grow in the next two decades.",BOCCONI UNIVERSITY STRATEGY,0
27,"as an example, italy, the third largest country by population after germany and france, with a fertility rate of 1.29 per woman, has an age distribution of its population with a very low percentage of young people (figure 2).",BOCCONI UNIVERSITY STRATEGY,0
28,"this has clear implications for a university like bocconi, where the majority of the students are of italian nationality.",BOCCONI UNIVERSITY STRATEGY,0
29,"america and western europe will have a larger number of students than the world average until 2030, while in the following years they will have lower than world average values.",BOCCONI UNIVERSITY STRATEGY,0
30,"china, india and other asian countries, which will therefore become increasingly significant in terms of their share of the university student population.",BOCCONI UNIVERSITY STRATEGY,0
31,it is therefore reasonable to assume that the total number of higher education students will significantly expand during the next decade.,BOCCONI UNIVERSITY STRATEGY,0
32,"there is therefore a parallel shift towards asia not only in terms of population dynamics, but also in terms of spending power (table 1).",BOCCONI UNIVERSITY STRATEGY,0
33,the global cities that are expected to grow the most in the next decade (figure 6).,BOCCONI UNIVERSITY STRATEGY,0
34,"visa business and economics insights, oxford economics finally, it is important to highlight that, despite the decreasing weight of italy in terms of population and economic weight, milano is generally classified among the top global cities (see figure 7), thanks to its competitive position in some key industries (fashion, food, finance, healthcare, pharma, etc.)",BOCCONI UNIVERSITY STRATEGY,0
35,"figure 7 | selected global cities and income segment composition to sum up, it is reasonable to conjecture that the higher education industry is expected to grow significantly in terms of demand during the next decade.",BOCCONI UNIVERSITY STRATEGY,0
36,this increase is related both to an increase in the number of people in the right age bracket and in the share of global spending in higher education.,BOCCONI UNIVERSITY STRATEGY,0
37,"this increase will mostly come from asian students, who will grow both in numbers and in terms of purchasing power.",BOCCONI UNIVERSITY STRATEGY,0
38,"however, milan, the country’s economic and financial capital, where bocconi is located, while threatened by the recent pandemic crisis, represents a dynamic and attractive location well positioned among the top global cities of the world.",BOCCONI UNIVERSITY STRATEGY,0
39,"this analysis has benefited from interviews with members of the international advisory council, members of the board of directors and a number of hr managers from major corporates and financial institutions.",BOCCONI UNIVERSITY STRATEGY,0
40,the main trends characterizing the future job market are summarized below.,BOCCONI UNIVERSITY STRATEGY,0
41,"first, during the last few years a growing skills mismatch between supply and demand has been recorded.",BOCCONI UNIVERSITY STRATEGY,0
42,"this mismatch is mostly due to the shortage of competences in areas such as computer science, data science, information technology, and more generally science.",BOCCONI UNIVERSITY STRATEGY,0
43,"these are often related to the more general stem (science, technology, engineering and mathematics) competences.",BOCCONI UNIVERSITY STRATEGY,0
44,it is reasonable to assume that this skills mismatch will continue to characterize the future years and will even be worsened by the digital practices and needs that emerged during the 2020 covid 19 pandemic.,BOCCONI UNIVERSITY STRATEGY,0
45,"furthermore, this trend towards a growing demand of digital, data and tech competences is also favored by the increasing degree of automation, which is expected to displace routine jobs and create new jobs, particularly in the area of stem.",BOCCONI UNIVERSITY STRATEGY,0
46,"highly skilled workers are more likely to benefit as their skills complement technology, they can perform non-routine tasks, and tend to have better access to training opportunities than the lower skilled.",BOCCONI UNIVERSITY STRATEGY,0
47,"conversely, those with low levels of skills are more likely to be employed in jobs that are vulnerable to automation and also face increasing competition from middle-skilled workers whose jobs have been most affected by the digital transformation.",BOCCONI UNIVERSITY STRATEGY,0
48,"according to the oecd, the intensity of skills shortages and surpluses has worsened in the last decade, calling into question the adaptability of individuals and economies in responding to changing skills needs.",BOCCONI UNIVERSITY STRATEGY,0
49,"the results of this survey, reported in figure 8 below, are consistent with the above mentioned skills mismatch.",BOCCONI UNIVERSITY STRATEGY,0
50,"it is important to highlight that digital, data science and information technology competences are sought not only for it-related profiles, but more generally for managerial positions within corporates, consulting firms and the financial services industry.",BOCCONI UNIVERSITY STRATEGY,0
51,"based on the above, one can conclude that a new workforce is emerging in the job market, featuring a new set of knowledge and competences.",BOCCONI UNIVERSITY STRATEGY,0
52,"data analysts and scientists, ai and machine-learning specialists, digital transformation and new technologies specialists are likely to arise amongst the new roles in the job market.",BOCCONI UNIVERSITY STRATEGY,0
53,"once again, the need for this new workforce will even be increased by the crisis experienced by most companies during the 2020 pandemic.",BOCCONI UNIVERSITY STRATEGY,0
54,"on the opposite front, routine-based, middleskilled white-collar jobs are expected to become redundant and to be automated.",BOCCONI UNIVERSITY STRATEGY,0
55,"this scheme is mirrored in the set of skills sought: some are deeply connected with the technological change in the market (advanced it, programming, digital and data analytics skills), some are more related to “human” complex abilities and aptitudes (critical thinking, communication and negotiation, entrepreneurship and innovation, resilience and flexibility).",BOCCONI UNIVERSITY STRATEGY,0
56,"second, given the rapidly changing job profiles and the high degree of uncertainty concerning future job requirements, future graduates will need to be equipped with a stronger ability for adaptability, resilience and a commitment to continuous learning.",BOCCONI UNIVERSITY STRATEGY,0
57,"transversal cognitive skills, such as critical thinking, complex problem solving, creative thinking, “learning to learn” are also considered key not only to respond to future challenges, but also to help graduates shape a better future for all.",BOCCONI UNIVERSITY STRATEGY,1
58,"an additional important skill that is often overlooked in continental european universities is represented by debating skills, often reflected in anglosaxon universities in the presence of so called “debating societies”.",BOCCONI UNIVERSITY STRATEGY,0
59,all these skills are increasingly mentioned by hr managers as key skills required by graduates entering the job market in the future and are indicated by the oecd as the subject of a growing skills gap.,BOCCONI UNIVERSITY STRATEGY,0
60,"fourth, a growing need of interdisciplinary studies to address increased complexity of the business world is generally perceived by hr managers as a key feature of the education of future managers and business leaders.",BOCCONI UNIVERSITY STRATEGY,0
61,this trend is likely to be strengthened by the recent pandemic crisis.,BOCCONI UNIVERSITY STRATEGY,0
62,"indeed, it has become increasingly clear that the collaboration among different disciplines and areas of expertise (e.g.",BOCCONI UNIVERSITY STRATEGY,0
63,"finally, social and emotional skills, including empathy, self-awareness, respect for others, and the ability to communicate are likely going to increase in relevance in light of the fact that workplaces are becoming more ethnically, culturally and linguistically diverse.",BOCCONI UNIVERSITY STRATEGY,1
64,"these skills are considered to be key to fostering more inclusive, fair, tolerant and sustainable economies and societies.",BOCCONI UNIVERSITY STRATEGY,1
65,"for executives, teamwork and team leadership skills, the ability to inspire and lead teams through change, and emotional intelligence are always in high demand according to the oecd “skills for jobs” survey.",BOCCONI UNIVERSITY STRATEGY,0
66,"2 an example of response to this need of interdisciplinary studies is represented by the “covid crisis lab” recently introduced by bocconi, where epidemiologists, economists, sociologists, computer scientists and experts of artificial intelligence cooperate to address the problems raised by the covid 19 crisis.",BOCCONI UNIVERSITY STRATEGY,0
67,the above mentioned job market trends have clear implications for higher education institutions.,BOCCONI UNIVERSITY STRATEGY,0
68,"first, it is important to strengthen the computer science, data science and more generally digital content of the programs offered to students of the different degrees.",BOCCONI UNIVERSITY STRATEGY,0
69,"second, universities should find ways to improve the set of soft skills that are so much demanded by corporates and institutions, especially as far as managerial and leadership positions are concerned.",BOCCONI UNIVERSITY STRATEGY,0
70,"this could be done by embedding soft skills in curricula that are focused primarily on technical aspects, and by fostering transversal competencies that are essential to leverage technical skills, including effective communication, teamwork/collaboration, and leadership.",BOCCONI UNIVERSITY STRATEGY,0
71,"more specifically, the major trends affecting demand and supply are first examined.",BOCCONI UNIVERSITY STRATEGY,0
72,"in this analysis, a number of relevant questions are also addressed.",BOCCONI UNIVERSITY STRATEGY,0
73,(v) what major trends are likely to affect demand and supply in the future?,BOCCONI UNIVERSITY STRATEGY,0
74,an analysis of the consequences and implications of the major trends affecting the higher education industry is then presented.,BOCCONI UNIVERSITY STRATEGY,0
75,"| the main trends affecting the demand for higher education during the last two decades the higher education industry has become increasingly global, with students becoming more and more internationally mobile and universities expanding globally through foreign branches, joint ventures, partnerships and off-shore campuses.",BOCCONI UNIVERSITY STRATEGY,0
76,missing data werw imputed with the closest data reports to ensure the breaks in data coverage do not results in time series.,BOCCONI UNIVERSITY STRATEGY,0
77,"indeed, universities do not “walk alone” in the competitive arena, as they are strictly linked to the country in which they have their headquarters.",BOCCONI UNIVERSITY STRATEGY,0
78,"this is not only due to the legal and regulatory framework, but also to the global reputation and future growth perspectives.",BOCCONI UNIVERSITY STRATEGY,0
79,canada and china appear as the rising stars and are consolidating their positions.,BOCCONI UNIVERSITY STRATEGY,0
80,"as for the share of international students, the most internationally open system is new zealand, followed by the uk, switzerland and australia.",BOCCONI UNIVERSITY STRATEGY,0
81,"italy is still lagging behind, attracting the majority of international students from non-oecd countries, while the majority of outgoing students moves towards oecd countries.",BOCCONI UNIVERSITY STRATEGY,0
82,"the subjects most affected by international mobility of students are the ones belonging to the stem area, business administration and law.",BOCCONI UNIVERSITY STRATEGY,0
83,"italy, ranked 11th, is not even in the top ten european countries in terms of international students’ attractiveness.",BOCCONI UNIVERSITY STRATEGY,0
84,"the universities based in these countries can thus count on a “systemic advantage”, while the universities based in countries not practicing such illuminated policies have to compensate with other factors.",BOCCONI UNIVERSITY STRATEGY,0
85,additional factors affecting the international competitiveness of universities and their attractiveness for international students include the support to higher education through government sponsored scholarships and the ability to attract high quality faculty and researchers.,BOCCONI UNIVERSITY STRATEGY,0
86,"while it is reasonable to assume that the international mobility of university students is likely to slow down in 2020 given the constraints to international travel posed by the covid 19 pandemic crisis, it is also reasonable to assume that this process of globalization of higher education will continue once the current emergency phase is over.",BOCCONI UNIVERSITY STRATEGY,0
87,"on the demand side, a number of other important trends have been emerging in the last few years and are likely to continue in the future.",BOCCONI UNIVERSITY STRATEGY,0
88,"this in turn is leading universities towards the reduction of standardized compulsory parts within degree programs, in favor of shorter and more flexible courses.",BOCCONI UNIVERSITY STRATEGY,0
89,"following this trend, it is likely that an increasing variety and flexibility of programs, to meet evolving students and employers’ needs, will be seen in the future.",BOCCONI UNIVERSITY STRATEGY,0
90,this trend is also a reflection of the increasing demand by major employers for graduates with this kind of interdisciplinary competences.,BOCCONI UNIVERSITY STRATEGY,0
91,"a fourth important trend is the one related to the increasing demand for life-long learning, whereby the process of learning does not end with graduation, but rather continues over the entire working life of an individual.",BOCCONI UNIVERSITY STRATEGY,0
92,"this trend is related to a number of underlying factors: (i) the fast pace of technological change and the need for people to continuously adapt and improve skills and competences, (ii) the fact that, differently from the past, individuals often change work and employer, (iii) the importance that most employers place on the need for constant upskilling and reskilling of human resources.",BOCCONI UNIVERSITY STRATEGY,0
93,"as often mentioned, learning how to learn has become the most important skill for an individual during his/her career.",BOCCONI UNIVERSITY STRATEGY,0
94,"lifelong learning is therefore seen as an “insurance” to cope with skills obsolescence, a driver to catch fast-changing career opportunities and to take advantage of new opportunities in the evolution of professional, social and cultural contexts.",BOCCONI UNIVERSITY STRATEGY,0
95,"universities all over the world, and especially business schools, are engaged in dealing with this growing demand.",BOCCONI UNIVERSITY STRATEGY,0
96,"as an example, in singapore, universities support their graduates to undertake additional studies at preferential rates: graduates can return to attend a master course or a short upskilling module.",BOCCONI UNIVERSITY STRATEGY,0
97,"similar examples exist in other higher education institutions, where new engagement and retention strategies are aimed at achieving seamless student journeys, whereby individuals become lifelong students of the university (e.g.",BOCCONI UNIVERSITY STRATEGY,0
98,"finally, it is worth mentioning the growing demand for two subjects that are becoming increasingly important for the higher education industry as a consequence of their increasing relevance to the business world: entrepreneurship and sustainability.",BOCCONI UNIVERSITY STRATEGY,0
99,"indeed, the demand for higher education in these two subjects has increased during the last ten years and is likely to significantly grow in the next decade.",BOCCONI UNIVERSITY STRATEGY,0
100,"universities are called to stimulate the entrepreneurial spirit of their students and, at the same time, to favor their sensitivity, awareness and competence on the subject of sustainability.",BOCCONI UNIVERSITY STRATEGY,1
101,in the area of sustainability europe has been leading the way and should continue to do so.,BOCCONI UNIVERSITY STRATEGY,1
102,"| main trends affecting the supply of higher education on the supply side, during the last twenty years universities have themselves been very active internationally, setting up international branch campuses, joint ventures and strategic partnerships.",BOCCONI UNIVERSITY STRATEGY,0
103,"in some cases, the foreign model developed abroad is also developed at the domestic level through a multi-campus offer (e.g.",BOCCONI UNIVERSITY STRATEGY,0
104,"a critical factor in these different strategies is the one related to faculty, i.e.",BOCCONI UNIVERSITY STRATEGY,0
105,"whether the faculty active within the international branch, joint venture or off-shore campus is part of the core faculty of the parent company, or whether a new faculty is hired ad hoc.",BOCCONI UNIVERSITY STRATEGY,0
106,the involvement of the faculty from the parent university is often complex and risks losing motivation and commitment over time.,BOCCONI UNIVERSITY STRATEGY,0
107,"on the other side, establishing a new faculty is potentially counterproductive due to the high synergies, both in terms of teaching and research activities, of one single location and to the critical mass needed to be effective in both teaching and research activities.",BOCCONI UNIVERSITY STRATEGY,0
108,"it is important to highlight that these alternative strategies may have different underlying objectives: (i) exploiting the brand in a foreign market, thereby attracting new students/customers, (ii) enhancing the domestic market students’ experience through an international branch or joint venture, (iii) strengthening of recruiting and executive education in a foreign market.",BOCCONI UNIVERSITY STRATEGY,0
109,a final trend that has become increasingly significant and is likely to increase in the future is the increasing importance of international partnerships and alliances among universities.,BOCCONI UNIVERSITY STRATEGY,0
110,"these partnerships do not simply allow universities to offer higher value programs, but are also used as marketing tools, signaling membership in prestigious international networks and alliances.",BOCCONI UNIVERSITY STRATEGY,0
111,"on top of the internationalization efforts brought forward by a large number of higher education institutions in the last two decades, a number of other important trends are affecting supply and are likely to be further strengthened in the next decade.",BOCCONI UNIVERSITY STRATEGY,0
112,the first one is related to the transformation made possible by technological innovation.,BOCCONI UNIVERSITY STRATEGY,0
113,"first, the possibility of offering online courses has allowed the emergence of new players such as edx, coursera and udacity.",BOCCONI UNIVERSITY STRATEGY,0
114,these are platforms where online courses from the best faculty and the most prestigious universities are made freely available to all students.,BOCCONI UNIVERSITY STRATEGY,1
115,"during the last decade, the growth of these massive open online courses (moocs) has been exponential (see figure 12).",BOCCONI UNIVERSITY STRATEGY,0
116,"this phenomenon has clear implications for traditional players, as the free availability of high quality content online requires universities to enhance the teaching and learning experience offered through classroom activities.",BOCCONI UNIVERSITY STRATEGY,0
117,"table 4 | universities internationalization strategies type of strategy rationale target multi-local offer a multi-campus or dual campus experience to home students current students/customers and home country prospective ones foreign branch attract students and customers from a different market host country prospective students/ customers joint-venture establish long-term cooperation with a local partner host country students/ customers global strongly affirm global exposure of the brand prospective customers and students with global/regional focus 4140 vision 2030 & strategic plan 2025second, technological innovation has led a number of players to launch programs - and not simply individual courses - online.",BOCCONI UNIVERSITY STRATEGY,0
118,"mba) entirely offered online, and where physical face to face modules are offered entirely jointly with online modules.",BOCCONI UNIVERSITY STRATEGY,0
119,"a similar growth has been experienced by modularization and micro-certifications, i.e.",BOCCONI UNIVERSITY STRATEGY,0
120,"finally, technology has enabled adaptive and personalized learning solutions, whereby individuals and corporates have more flexibility in designing programs tailored for their specific needs.",BOCCONI UNIVERSITY STRATEGY,0
121,the area of post graduate education is the one that has already been and will be mostly affected by technological innovation.,BOCCONI UNIVERSITY STRATEGY,0
122,"indeed, this is potentially the largest and the most permeable segment of the market, where the opportunities offered by online education and distance learning are more significant.",BOCCONI UNIVERSITY STRATEGY,0
123,"(v) university of north carolina’s kenan flagler school of business offers 10 online open executive courses, up from just one in 2017. a second important trend affecting supply is related to expansion of the range of educational offers realized during the last few years by a number of universities.",BOCCONI UNIVERSITY STRATEGY,0
124,"as an example, a number of us business schools, traditionally active only on the executive and mba market, have entered the master of science (msc) segment.",BOCCONI UNIVERSITY STRATEGY,0
125,"a similar expansion has been recently pursued by a number of leading european business schools traditionally active only on the executive and mba markets, such as london business school, iese (barcelona) and insead (paris).",BOCCONI UNIVERSITY STRATEGY,0
126,"this is also explained by the recognized stage of advanced maturity of the mba model, whereas the msc model is becoming more and more important and attractive for employers.",BOCCONI UNIVERSITY STRATEGY,0
127,"also, schools are converging to cover all the sectors of higher education, from pre- to post-experience and only few players are staying out either of the bachelor or of the executive market.",BOCCONI UNIVERSITY STRATEGY,0
128,it is reasonable to assume that this type of expansion will further increase in the near future given the significant problems that the covid 19 pandemic has posed to the executive education segment of the market.,BOCCONI UNIVERSITY STRATEGY,0
129,"in recent years, computer and data science departments have significantly grown within universities.",BOCCONI UNIVERSITY STRATEGY,0
130,computer and data science faculty has been hired in the departments of social science institutions and in general in business schools.,BOCCONI UNIVERSITY STRATEGY,0
131,"more importantly, the number of double degrees blending business and economics with computer science has been developed as a new format and tracks in computer science within mba programs or in general minors and majors in computer science have increased in prominence.",BOCCONI UNIVERSITY STRATEGY,0
132,"lastly, in terms of research it is important to notice the increasing competition from the five digital giants (faang) and other emerging players of the digital economy which are running top-notch research within their own corporate academies and are increasing the bargaining power of professors.",BOCCONI UNIVERSITY STRATEGY,0
133,a fourth major trend that has affected the supply of higher education and is likely to affect the industry in the next decade is represented by the continuous decrease in public funding.,BOCCONI UNIVERSITY STRATEGY,0
134,"in a context of rising costs and declining public support, universities have been struggling for cash through aggressive fundraising campaigns targeted to alumni, corporates and foundations.",BOCCONI UNIVERSITY STRATEGY,0
135,the decrease in the amount of public funds received by universities is likely to continue in the future in light of the increase in public deficit that most countries will experience as a consequence of the extraordinary measures adopted during the 2020 pandemic.,BOCCONI UNIVERSITY STRATEGY,0
136,this will likely make the competition to attract private funding through ambitious fundraising campaigns even stronger in the years to come.,BOCCONI UNIVERSITY STRATEGY,0
137,a fifth important trend is the one related to the increasing divide between “global” and local or regional universities.,BOCCONI UNIVERSITY STRATEGY,0
138,"as a result of the increasing competition to attract the best students and faculty, it is indeed possible to identify two different types of higher education institutions: global versus national/regional.",BOCCONI UNIVERSITY STRATEGY,0
139,"the first one is represented by institutions with global ambitions, competing at the world level for the best talent.",BOCCONI UNIVERSITY STRATEGY,0
140,"these are the universities that appear in the top positions of all the international rankings, that compete on the international market for faculty, that attract the best students from all over the world, with the majority if not all of their degree programs taught in english and a large part of their graduates employed abroad.",BOCCONI UNIVERSITY STRATEGY,0
141,"the second ones are the regional and national institutions, with a faculty and student body that are largely domestic, that do not actively participate in the international market for researchers, with the majority of their teaching denominated in the national language and the large majority of their graduates employed in the domestic market.",BOCCONI UNIVERSITY STRATEGY,0
142,"the divide between these two groups is likely to increase in the next decade, as the scale of the investments required to belong to the first group is getting more and more significant.",BOCCONI UNIVERSITY STRATEGY,0
143,"also, it is reasonable to assume that this divide will be accelerated by the covid 19 pandemic crisis, as traditional conferences and seminars will lose weight in favor of webinars and digital means to communicate research results.",BOCCONI UNIVERSITY STRATEGY,0
144,"this has clear implications in terms of: (i) the relevance of critical mass of research groups, (ii) the attractiveness of large and high quality research groups for young researchers.",BOCCONI UNIVERSITY STRATEGY,0
145,"it is important to highlight that the competition among these “global institutions” to attract the best talent, both in terms of students and faculty, has been getting tougher and tougher over the years.",BOCCONI UNIVERSITY STRATEGY,0
146,"also, the competitive landscape has itself become more global, with an increasing participation of universities and business schools from the asian continent.",BOCCONI UNIVERSITY STRATEGY,0
147,one can see that during the last 10 years schools from north america and europe have been gradually losing position to asian schools.,BOCCONI UNIVERSITY STRATEGY,0
148,"it is reasonable to assume that this trend may be threatened, at least in the near future, by the 2020 covid 19 crisis, as a consequence of two factors: (i) the constraints to international travel and mobility, and (ii) the negative impact on universities’ endowments provoked by the general downturn in financial markets.",BOCCONI UNIVERSITY STRATEGY,0
149,the latter has a clear impact on the financial budget of major universities and on their capacity to sustain a continuous increase of faculty compensation packages.,BOCCONI UNIVERSITY STRATEGY,0
150,"finally, on the research activity conducted by universities it is worth mentioning two main trends: (i) the increasing importance of international collaborations, and (ii) the increasing importance of faculty ability to attract research funding.",BOCCONI UNIVERSITY STRATEGY,0
151,"indeed, international collaborations have contributed to a significant increase in the impact of research and to the improvement of research output.",BOCCONI UNIVERSITY STRATEGY,0
152,"on the second point, it is important to highlight that research funding opportunities in italy are especially limited, thereby making eu research funding opportunities especially relevant in our country.",BOCCONI UNIVERSITY STRATEGY,0
153,"similarly, the fact that new generations are used to easily finding content and knowledge freely on the web has clear implications for the value added expected by students from class activities and, more generally, university campus life.",BOCCONI UNIVERSITY STRATEGY,0
154,"second it is likely that in the future students from around the world will take courses as they need them, often online, stitching together the equivalent of customized degrees and presenting employers with transcripts of the classes they’ve taken from different providers.",BOCCONI UNIVERSITY STRATEGY,0
155,"this means that universities will need to keep offering immersive degree-based experiences, but at the same time experiment, especially for post graduate education, with more just-in-time, convenient, relatively inexpensive programs that could create lifelong customers who return every time they need to acquire new skills.",BOCCONI UNIVERSITY STRATEGY,0
156,"third given the above mentioned technological trend, the competitive advantage of universities with respect to other players will also be grounded on the capacity to produce cutting edge knowledge through relevant and rigorous research and to the ability to integrate theory and practice.",BOCCONI UNIVERSITY STRATEGY,0
157,"this is consistent with “academic” missions, as research universities become effective when they work on the most pressing societal issues and disseminate research results that shape both academic thinking and business practice.",BOCCONI UNIVERSITY STRATEGY,1
158,"as an example, if we focus our attention on business schools, we can see that the leading players in europe and the us have been reacting in different ways to the competitive dynamics described above in order to face the commoditization of knowledge: (i) by penetrating the pre-experience msc market with flexible and branded programs (e.g.",BOCCONI UNIVERSITY STRATEGY,0
159,finally an important issue with significant implications for higher education institutions is the one related to the exponential growth of social networks.,BOCCONI UNIVERSITY STRATEGY,0
160,"this phenomenon has also clear implications not only for the way higher education institutions design students’ learning processes and the development of their skills, but also from the point of view of research for universities focused on the social sciences.",BOCCONI UNIVERSITY STRATEGY,0
161,"indeed, rigorous research should support the design of public policies aimed at limiting the social and psychological problems generated by young people’s dependence on social networks (based on algorithms designed to extract attention, influence behavior and generate addiction) and the related potential implications for relevant democratic processes such as elections and referenda.",BOCCONI UNIVERSITY STRATEGY,1
162,"| the relevance of the european dimension as duly examined in the previous paragraph, a major trend affecting higher education is represented by the growing polarization between global and national (or regional or local universities).",BOCCONI UNIVERSITY STRATEGY,0
163,global institutions have global ambitions and compete at the world level for the best talent.,BOCCONI UNIVERSITY STRATEGY,0
164,"these are the universities and business schools that appear in the top positions of all the international rankings, that compete on the international market for faculty, that attract the best students from all over the world, with the majority if not all of their degree programs taught in english and a large part of their graduates employed abroad.",BOCCONI UNIVERSITY STRATEGY,0
165,bocconi shall aim to be a global institution and its strategic evolution in the last 20 years clearly shows the progress made to reach this ambitious goal.,BOCCONI UNIVERSITY STRATEGY,0
166,"it has to be recalled, however, that in the case of an italian higher education institution like bocconi, between the national and the global dimension one must also consider the european dimension, as a link and a catalyst between the other two.",BOCCONI UNIVERSITY STRATEGY,0
167,"in fact, if the global dimension is a geographical one, but without a correspondent institutional framework, and the national dimension has on the contrary both attributes, institutional and geographical, though the latter with limited “critical mass”, the eu level matches the two in a sort of “augmented configuration”.",BOCCONI UNIVERSITY STRATEGY,0
168,"it is in fact a geographical entity, and it has its own institutional framework for higher education.",BOCCONI UNIVERSITY STRATEGY,0
169,the next step already announced by the ec will be to remove the existing barriers at eu level to facilitate the transnational operation and the transformation of higher education institutions towards the universities of the future.,BOCCONI UNIVERSITY STRATEGY,0
170,"this is crucial research-wise, to develop and retain best talented scholars, and to attract top scholars from outside europe, thanks to better access to funding (both public grants and private donations).",BOCCONI UNIVERSITY STRATEGY,0
171,"for universities, this would also imply positive fall-outs in terms of better capacity to contribute to the advancement of society and satisfy the needs of a fast changing job market.",BOCCONI UNIVERSITY STRATEGY,1
172,"it is worth underlining that the role of the european union in higher education, though not always so well-known to the general public, has been of paramount importance in promoting, for instance, cross-border student mobility - notably through the erasmus project - and research activity, mostly through the european research council (erc).",BOCCONI UNIVERSITY STRATEGY,0
173,"the european union also promoted innovations that have spread outside its own domain: the introduction of the three-cycle education system consisting of bachelor, master and doctoral studies (e.g.",BOCCONI UNIVERSITY STRATEGY,0
174,"“bologna process”) has in the long-run changed the competitive arena, as proved by the fact that also prestigious us business schools have launched their own master of science programs.",BOCCONI UNIVERSITY STRATEGY,0
175,"thanks to its deep-rooted commitment to the european integration process, bocconi is already part of the “european university” project, as a founding member of civica - the european university of the social sciences.",BOCCONI UNIVERSITY STRATEGY,1
176,"believing in europe as a gate to the world, bocconi shall continue to pursue its european identity, also becoming more vocal with eu-institutions to promote the advancement of the institutional dimension.",BOCCONI UNIVERSITY STRATEGY,1
177,thanks in good part to their significant contributions the executive committee was able to identify the six strategic goals that drive bocconi vision 2030 and will define our university going forward.,BOCCONI UNIVERSITY STRATEGY,0
178,"each strategic goal was assigned to a working group, made up of both faculty and staff members, in charge of analyzing it and proposing a set of long-term actions aiming for achievement by 2030. a special thanks is deemed to the working group members: jérome adda, pierpaolo battigalli, fabio bellet, lucia benedetti, francesco billari, bruno busacca, paolo cancelli, laura candotti, leonardo caporarello, antonella carù, stefano caselli, andrea colli, silvia colombo, andrea fosfuri, alfonso gambardella, elena gelosa, roberto grassi, fulvio ortu, tommaso monacelli, maurizio mongardi, simone piunno, peter pope, annalisa prencipe, gaia rubera, pietro sirena, giuseppe soda, silvia tracchi, nico valenti gatto, marcello valtolina, marco ventoruzzo, markus venzin, erika zancan, gabriella zanga.",BOCCONI UNIVERSITY STRATEGY,0
179,"always proud of its italian roots, bocconi is already a leading european research and teaching university in the social sciences.",BOCCONI UNIVERSITY STRATEGY,0
180,"our ambition for the next decade is to consolidate our positioning in europe and to progressively narrow the gap with first-rate global players in our academic domains, e.g.",BOCCONI UNIVERSITY STRATEGY,0
181,"our vision of the social sciences expands to include those disciplines, such as data/computer science and cognitive sciences, that have a great disruptive impact on business and society.",BOCCONI UNIVERSITY STRATEGY,0
182,"these areas are changing profoundly the dynamics underpinning how economic and social relations unfold, and more generally are helping in understand and address the big challenges of our times within a multi-disciplinary framework.",BOCCONI UNIVERSITY STRATEGY,1
183,"we believe that attracting talented students from all over the world and enabling them to access high-quality tertiary education, regardless of their families’ economic and social condition, are the pillars of bocconi educational mission, which starts at the undergraduate level.",BOCCONI UNIVERSITY STRATEGY,1
184,"bachelor programs represent an internationally recognized strength of bocconi and, as such, need to be carefully enriched and reinforced, also leveraging the uncommon capability of matching high quality with high numbers that the university has developed through the years.",BOCCONI UNIVERSITY STRATEGY,0
185,"our aspiration for the next decade is to harness the best minds and resources to provide our students with the most relevant and engaging educational experience, blending theory with practice and ensuring that students coming to milan from all over the world, from the most diverse backgrounds, enjoy a fulfilling and rewarding experience at bocconi.",BOCCONI UNIVERSITY STRATEGY,1
186,"2 | a university committed to the advancement of knowledge through rigorous and relevant research during the next decade, bocconi will emphasize its research university nature more and more, firmly believing that the advancement of knowledge through original research is the cornerstone of modern world-class universities.",BOCCONI UNIVERSITY STRATEGY,0
187,"with the aim of becoming the leading social science university in continental europe by 2030, bocconi will mainstream research in all its activities, primarily by recognizing the pivotal role of research-oriented faculty (scholars) in advancing knowledge, and consequently attracting students/relevant stakeholders (employers, donors, etc.)",BOCCONI UNIVERSITY STRATEGY,0
188,"universities are build-to-last institutions, since they are endemically oriented to future generations.",BOCCONI UNIVERSITY STRATEGY,1
189,"this is particularly true with regard to research and its continuity in time, which must be ensured through a rigorous process of selection and training of next generation scholars (ph.d.).",BOCCONI UNIVERSITY STRATEGY,0
190,"last but not least, the involvement of dedicated staff is integral to effectively perform the research activity in a highly competitive environment.",BOCCONI UNIVERSITY STRATEGY,0
191,"the capability to have such a multidimensional offer - undergraduate, graduate, phd, mbas and executive -, fueled by rigorous and relevant research, represents a pillar of the bocconi value proposition.",BOCCONI UNIVERSITY STRATEGY,0
192,"besides global scenario and competitive trends, both the teaching model and the level of personalization are also deeply impacted by the evolution of technology, which is as well a key driver and an enabler of life-long learning.",BOCCONI UNIVERSITY STRATEGY,0
193,"lifelong learning will be a key driver for sda bocconi, together with other five pillars identified for 2025 and associated to specific actions and kpis: 6160 vision 2030 & strategic plan 20254 | a university promoting impact and engagement of all its stakeholders in a context dominated by increasing competition among top tier institutions in attracting the best students/faculty and resources at large, shrinking public funding, and limits to the increase of student intake and tuition fees, universities rely more and more on individuals and corporates to raise the funds needed to fulfil their mission of contributing to the advancement of knowledge and educating future generations of citizens.",BOCCONI UNIVERSITY STRATEGY,1
194,"bocconi’s positioning in this area already rests on solid ground: our university has in fact a deep-rooted tradition of strong and mutually-satisfactory relations with our stakeholders, primarily the business world, and our network of more of 120,000 alumni based in 158 countries represents an asset for bocconi around the globe.",BOCCONI UNIVERSITY STRATEGY,0
195,"while proud of our achievements, we are not complacent, as we are aware of the gravity of the challenges that lie ahead, and hence determined to do more over the next decade to enhance alumni engagement and fund raising, also relying on the full support of all our stakeholders, in primis the university governance, faculty and staff.",BOCCONI UNIVERSITY STRATEGY,0
196,"by 2030 we thus aim at becoming a leading university in europe to engage alumni, corporates, individuals and organizations in sustaining: access to higher education (drive social mobility through education); human capital development (advance knowledge for a better world); the community and the environment in which we live (enhance sustainability and the quality of facilities and campus life).",BOCCONI UNIVERSITY STRATEGY,1
197,"5 | an open university supporting social mobility, inclusivity, diversity and sustainability universities are no longer ivory towers: they are, on the contrary, open and dynamic organizations, where people gather to build a better future by nurturing new ideas, acquiring and sharing knowledge and enriching experiences.",BOCCONI UNIVERSITY STRATEGY,1
198,"in this context, bocconi is, and will be, committed to pursuing its core research and educational objectives in an environment (physical and intellectual) where all students, faculty and staff receive, and offer to others, equality of opportunity and treatment, irrespective of their gender, sexual orientation, ethnicity, religion, age or economic conditions.",BOCCONI UNIVERSITY STRATEGY,1
199,"bocconi, intended both as a community of people (students, faculty, staff, alumni) and as a cluster of physical facilities (above all, the campus in milan), has to be considered as a system which both receives from and impacts on the external environment and, as a system, has the duty and need to be open and inclusive, as well as to be in its turn included, into the broader community to which it belongs, at the local, national and international level.",BOCCONI UNIVERSITY STRATEGY,1
200,"we are open to bright and motivated students, regardless of their background, and determined to provide them with the knowledge and tools that realize their full potential: today as students, tomorrow in work and society.",BOCCONI UNIVERSITY STRATEGY,1
201,"well aware that sustainability, in its many forms, is the global challenge facing us all, we will continue to be fully committed to achieving more sustainable, inclusive and forward-looking development for future generations, devoting time and energy to this purpose.",BOCCONI UNIVERSITY STRATEGY,1
202,understanding innovation trends has thus become a key requirement for any student in the social sciences.,BOCCONI UNIVERSITY STRATEGY,0
203,"for the same reasons, developing an entrepreneurial mindset - open to new ideas and challenges, flexible, proactive, with a responsible but above-average risk-taking propensity – is an asset not only for would-be entrepreneurs, but for anybody approaching the job market now and even more in the years to come.",BOCCONI UNIVERSITY STRATEGY,0
204,"the above-mentioned trends have a significant impact on higher education and universities have developed a number of tools (contests, hackathons, labs, accelerators, incubators, etc.)",BOCCONI UNIVERSITY STRATEGY,0
205,"at the same time, academic applied research has a long tradition in producing spillovers/spin offs that, through technology transfer practices, bring to the market innovations originally conceived within university departments, accomplishing, in this way, also the so called “third mission”.",BOCCONI UNIVERSITY STRATEGY,1
206,"at the same time, we will slightly rebalance the mix between the undergraduate and graduate levels by increasing the intake of bachelor programs and symetrically reducing the intake of master of science programs.",BOCCONI UNIVERSITY STRATEGY,0
207,"this will allow us to further consolidate our competitive advantage at the undergraduate level and, at the same time, to enhance the level of faculty-students interaction and personalization of the learning process for mscs.",BOCCONI UNIVERSITY STRATEGY,0
208,"special actions will be put in place to reach out to talented students from the most disadvantaged backgrounds and to students whose families have been particularly hit by the economic fallout of the covid-19 pandemic, to allow them to benefit from high quality tertiary education.",BOCCONI UNIVERSITY STRATEGY,1
209,"finally, with regard to rankings and the increasingly tough competition universities are faced with, we plan to select the rankings that matter the most for bocconi in the social sciences domain.",BOCCONI UNIVERSITY STRATEGY,0
210,"more specifically, we plan to increase both research and teaching faculty, reaching an overall number of 470 faculty members in 2025. combined with a flat number of students, this remarkable rise in hirings will allow us to improve the student/faculty ratio.",BOCCONI UNIVERSITY STRATEGY,0
211,"hosted by bocconi to 59 in 2025. bocconi will continue to invest in research also by increasing both department funding, thus providing departments with more autonomy and subsequent accountability, and individual research funding.",BOCCONI UNIVERSITY STRATEGY,0
212,"though openness to diversity is more of a cultural attitude, thus difficult to capture by numbers in its essence, we have identified some specific quantitative targets that represent a reasonably robust proxy for this multi-faceted attribute.",BOCCONI UNIVERSITY STRATEGY,0
213,"it has to be noted, as shown in the table below, that in the case of staff the proposed action in favor of gender balance works “the other way round”, e.g.",BOCCONI UNIVERSITY STRATEGY,1
214,"the increase in the alumni community’s expected contribution to the university’s fund raising effort will allow us to diversify and rebalance the sources of funds between individuals, on one hand, and corporates/organizations, on the other hand.",BOCCONI UNIVERSITY STRATEGY,0
215,"20 million by 2025. alumni and students that want to become entrepreneurs or to create innovative ventures have also the opportunity to benefit from the support of b4i; as well, alumni in primis - though not exclusively - will have the chance to invest in b4i startups themselves, contributing to reaching the ambitious target that have been set.",BOCCONI UNIVERSITY STRATEGY,0
216,with some trepidation we started the development of a living strategy – an idea that is constantly reshaped in different parts of the organisation that elicits an emotional and intellectual commitment across all sectors of our community.,CAIP TOWN UNIVERSITY STRATEGY,1
217,"rather, it is to be the aspirational dream that makes us come to work every day, and to which we give our boundless energy.",CAIP TOWN UNIVERSITY STRATEGY,1
218,"we are pleased to note that in the consultative sessions that we have held, uct’s massive transformative purpose has elicited not only support; in general, the uct community has responded with enthusiasm and a sense of hope and inspiration for our future possibilities.",CAIP TOWN UNIVERSITY STRATEGY,1
219,"in particular, we wanted to bridge the conceptual separation between support and academic functions and ensure that the capabilities and management systems needed to make the vision real were not an afterthought.",CAIP TOWN UNIVERSITY STRATEGY,0
220,"with this idea of a new, integrated and collaborative uct in mind, we created cross-functional task teams in which the core academic functions and the cross-cutting professional, administrative and support functions were fully represented in all discussions.",CAIP TOWN UNIVERSITY STRATEGY,0
221,"we are very grateful to the members of the futures think tank, who dared to start the dream that helped clear the way for new conversations to begin in our various cross-functional teams.",CAIP TOWN UNIVERSITY STRATEGY,0
222,"what is before you is a product that can still be improved, changed and perfected as it becomes real in the different sections of the university.",CAIP TOWN UNIVERSITY STRATEGY,0
223,it is the fruit of the deep commitment to uct of nearly 100 people who participated directly in fashioning it.,CAIP TOWN UNIVERSITY STRATEGY,1
224,"close to 100 staff members from across the academic, and the professional, administrative support and service (pass) departments contributed to the initial development of this document, and further contributions are expected from across the uct campus community as we progress.",CAIP TOWN UNIVERSITY STRATEGY,0
225,we wanted to signal from the very beginning that vision 2030 belongs to – and is the responsibility of – every member of the uct community.,CAIP TOWN UNIVERSITY STRATEGY,1
226,"at the same time, we wanted to produce a living document that will guide and inspire staff and students to use their creativity and imagination to bring vision 2030 to life on the ground.",CAIP TOWN UNIVERSITY STRATEGY,0
227,"first, it comes from discomfort with the idea that the future is a place where we arrive, and to which we have to adapt.",CAIP TOWN UNIVERSITY STRATEGY,0
228,"instead, i have challenged all of us at uct to shape and lead the future.",CAIP TOWN UNIVERSITY STRATEGY,1
229,"third, it comes from discomfort with uct’s colonial and apartheid history, and the need to affirm our university’s afrikan identity, reclaim afrikan agency, and commit to the future of the continent, as a global afrikan university.",CAIP TOWN UNIVERSITY STRATEGY,1
230,"it is not a blueprint for people to obey, but a road map for rethinking, reimagining, reenergising and repurposing our work.",CAIP TOWN UNIVERSITY STRATEGY,0
231,we will have to make difficult but necessary choices: to stop some of the things we are doing and initiate new things.,CAIP TOWN UNIVERSITY STRATEGY,0
232,"planning teams, cross-functional teams and working groups applied themselves to the task of giving expression to our massive transformative purpose – “unleash human potential to create a fair and just society” – in the core academic functions, the cross-cutting responsibilities of transformation and social responsiveness, and the systems that support and sustain uct’s work.",CAIP TOWN UNIVERSITY STRATEGY,1
233,it is pleasing to realise that many of the topics that became the focus of global discussion with the outbreak of the covid-19 pandemic were already being discussed in the context of vision 2030. this suggests we are on the right path.,CAIP TOWN UNIVERSITY STRATEGY,0
234,"in the end, through six virtual sessions, we reached many more people than we would have through the original approach.",CAIP TOWN UNIVERSITY STRATEGY,0
235,"uct staff asked pointed, important questions about the implementation of vision 2030, the integration of the vision’s goals and how we will resource the work required to achieve them, and the space for freedom.",CAIP TOWN UNIVERSITY STRATEGY,0
236,the impact of covid-19 on the global economy and on south afrika has been serious.,CAIP TOWN UNIVERSITY STRATEGY,0
237,"we will have to begin implementing vision 2030 taking full cognisance of the financial constraints within which we will have to operate, but also of the need to prioritise key projects that will serve as our vision’s scaffolding.",CAIP TOWN UNIVERSITY STRATEGY,0
238,i have no doubt that the consultative and integrated manner in which we have worked to develop vision 2030 will serve us well in the process of implementation.,CAIP TOWN UNIVERSITY STRATEGY,0
239,"#unleash professor mamokgethi phakeng vice-chancellor vice-chancellor’s introductionvision 2030 – unleash human potential for a fair and just society the road we have travelled in july 2018 uct’s newly appointed vice-chancellor, professor mamokgethi phakeng, introduced her vision for the university and adopted a future orientation to drive the thinking behind the development of a new strategic plan.",CAIP TOWN UNIVERSITY STRATEGY,0
240,"1 5 martin’s approach to strategy is popular in business, and we translated it to suit uct as an organisation.",CAIP TOWN UNIVERSITY STRATEGY,0
241,"from this perspective, a strategy is an integrated set of choices that uniquely positions an organisation in its industry so it can create sustainable advantage and superior value relative to the competition.",CAIP TOWN UNIVERSITY STRATEGY,0
242,what is unique about what uct can offer that will sustain the value of the university into the future?,CAIP TOWN UNIVERSITY STRATEGY,0
243,"the fundamental approach to the development of the strategy is based on the cascading down of strategic choices, from the institutional level to the implementation units.",CAIP TOWN UNIVERSITY STRATEGY,0
244,"in practical terms, this implied thinking strategically: as uct in relation to the core functions (teaching and learning, and research); in relation to the six faculties and their departments; and in relation to the different departments that provide professional and support services for the university.",CAIP TOWN UNIVERSITY STRATEGY,0
245,"the approach taken is based on two principles: strategic integration, and buy-in from uct.",CAIP TOWN UNIVERSITY STRATEGY,0
246,"in order to make this effective, the following structures have been set up: • vision 2030 planning team • cross-functional task team (vision 2030 planning team and representatives from the deans and executive directors) • extended task team (cross-functional task team and strategic invitees, including academics, students and key portfolio holders).",CAIP TOWN UNIVERSITY STRATEGY,0
247,"as already mentioned, we followed a rigorous process of engagement with internal stakeholders, and obtained support and approval from uct governance structures.",CAIP TOWN UNIVERSITY STRATEGY,1
248,"figure 2: cascades of choice – from roger martin’s playing to win, adapted for uct the road we have travelled vision 2030 – unleash human potential for a fair and just society taking stock and moving forward2 uct is one of the oldest universities in south afrika.",CAIP TOWN UNIVERSITY STRATEGY,0
249,"over the years, it has achieved an international reputation as a research-intensive university.",CAIP TOWN UNIVERSITY STRATEGY,0
250,"like most english-speaking colonial universities in south afrika, uct has a contradictory history.",CAIP TOWN UNIVERSITY STRATEGY,0
251,"moulded over its existence on the western tradition of university excellence, uct has struggled with its own identity, culture and position in society.",CAIP TOWN UNIVERSITY STRATEGY,0
252,"this forced the university to engage critically with its colonial history, its current identity, its culture, its relationship to society and its location in afrika.",CAIP TOWN UNIVERSITY STRATEGY,1
253,"7 chinua achebe, the prominent nigerian novelist, said, “there is that great proverb – that until the lions have their own historians, the history of the hunt will always glorify the hunter.” uct’s choice to spell ‘afrika’ with a ‘k’ is an invitation to reclaim afrika’s agency, and use it to validate the global character of the local in the 21st century.",CAIP TOWN UNIVERSITY STRATEGY,1
254,it is in this context that uct chooses to be a global university in afrika.,CAIP TOWN UNIVERSITY STRATEGY,0
255,"in the last two decades, the world has changed in ways that obliged universities to rethink their purpose and location in society if they did not want to become obsolete.",CAIP TOWN UNIVERSITY STRATEGY,0
256,"climate change, growing inequality, the fourth industrial revolution, population displacement, and now a global pandemic accompanied by a deep economic crisis are elements of our world that force us into a new type of consciousness.",CAIP TOWN UNIVERSITY STRATEGY,0
257,uct must engage with these matters in their local manifestations and global implications.,CAIP TOWN UNIVERSITY STRATEGY,0
258,"into the 21st century, and in light of the critique of the last few years, we need to rethink who we are, what we do, how we do it and who benefits from our work.",CAIP TOWN UNIVERSITY STRATEGY,1
259,"while uct performs very well by most teaching and research indicators, the current model of the university is not sufficiently responsive to the needs of a new generation of diverse students and academics eager to respond to the world’s challenges.",CAIP TOWN UNIVERSITY STRATEGY,1
260,"despite its location in afrika, uct’s afrikan roots are not sufficiently valued and foregrounded in its global performance as a research university, or in its curriculum.",CAIP TOWN UNIVERSITY STRATEGY,1
261,"uct has greater potential to innovate in teaching, research and social engagement than it is currently doing.",CAIP TOWN UNIVERSITY STRATEGY,0
262,the covid-19 crisis has shown uct’s capacity to lead with innovative responses and imagination.,CAIP TOWN UNIVERSITY STRATEGY,0
263,what we call a ‘massive transformative purpose’ is the idea that inspires the whole uct community to be the best we can be.,CAIP TOWN UNIVERSITY STRATEGY,1
264,"as a university, uct by definition has two fundamental responsibilities: to cultivate and nurture the capabilities of the younger generation for them to become leaders in different spheres of life, and to provide the conditions for academics to produce research that broadens our understanding of the social and natural worlds and the relationship between them.",CAIP TOWN UNIVERSITY STRATEGY,1
265,"this purpose is an affirmation of the inherent creativity of humanity, as well as a recognition that the state of the world (social and natural) needs changing.",CAIP TOWN UNIVERSITY STRATEGY,1
266,"life is not fair, just or sustainable unless we are capable of changing important aspects of what we think and what we do.",CAIP TOWN UNIVERSITY STRATEGY,1
267,"our dream is to draw from the extraordinary social and cultural diversity, creativity and capacity for innovation of all our staff and students to contribute to making the 21st century the afrikan century; to look at ourselves as a university, and together create the top global university in afrika – a university that is uncompromising in its transformative intent, deeply rooted in academic excellence, and one that strives for social, environmental and financial sustainability.",CAIP TOWN UNIVERSITY STRATEGY,1
268,"we will call on our staff and students to work together, in education and in research, to have real impact on our ability to tackle society’s problems and to effect positive change in the world.",CAIP TOWN UNIVERSITY STRATEGY,1
269,"9 uct will continue to attract students with exceptional potential from our country, our continent and our world.",CAIP TOWN UNIVERSITY STRATEGY,0
270,"uct will work to ensure that all the members of its community have a voice, and a real sense of their agency and value for the university.",CAIP TOWN UNIVERSITY STRATEGY,1
271,"in line with its purpose, uct will offer a transformative and socially engaged undergraduate and postgraduate education, enabling our graduates to use their knowledge, skills and sense of responsibility to shape and to be at the service of society, locally and globally.",CAIP TOWN UNIVERSITY STRATEGY,1
272,"in line with the growing importance of technology in society and its impact on the manner in which the new generations learn, uct will provide both contact and digitally enabled education framed by sound pedagogy aimed at developing creativity, analytical thinking, complex problem-solving abilities, collaboration and social responsibility, across disciplines and fields of study.",CAIP TOWN UNIVERSITY STRATEGY,1
273,uct will expand its capacity to offer continuous education and micro-credentials to respond to the changing needs of the world of work and the emergence of new jobs.,CAIP TOWN UNIVERSITY STRATEGY,0
274,"persistent world hunger, poverty and inequality, climate change and health crises are just some of the complex social and environmental issues that if not addressed will exacerbate current societal and economic inequalities into the future.",CAIP TOWN UNIVERSITY STRATEGY,1
275,uct will produce research that answers the complex problems of today and tomorrow.,CAIP TOWN UNIVERSITY STRATEGY,0
276,"to do this, it will advance inter-, multi- and transdisciplinary research approaches so as to better understand the past, and define and tackle current and future problems.",CAIP TOWN UNIVERSITY STRATEGY,0
277,"finally, in support of building a fair and just society, uct will strengthen its scholarly ability to work collaboratively with local and international social actors.",CAIP TOWN UNIVERSITY STRATEGY,1
278,"as a university, uct is well placed to lead conversations with government, industry and other role players in the pursuit of new knowledge that will contribute towards our massive transformative purpose.",CAIP TOWN UNIVERSITY STRATEGY,1
279,"uct not only produces graduates for the labour market, but educates thinkers who are capable of shaping, adapting and responding to the unknown – global citizens who are actively responsible for the world they have inherited, and who will leave a better world for future generations.",CAIP TOWN UNIVERSITY STRATEGY,1
280,"our success in this area will depend on our ability to ensure that academics are trained higher-education teachers, the introduction of transformative pedagogies in the classroom environment, the ability to renew the curriculum and provide the necessary infrastructure for teacher and students to learn together, the resources and networks to provide real work experience as part of the degree, and administrative and student support systems that contribute to a seamless student experience.",CAIP TOWN UNIVERSITY STRATEGY,0
281,"as a top research university in afrika, uct is well placed, with unique opportunities in our continent to find innovative ways of doing things.",CAIP TOWN UNIVERSITY STRATEGY,0
282,"we will focus on research that highlights these unique opportunities and solve problems that matter, on the understanding that afrika’s problems are the problems of the world, and that we are in a privileged position to be able to contribute to this enterprise.",CAIP TOWN UNIVERSITY STRATEGY,1
283,"to do this, we must ensure that we continue to expand our local and international partnerships, improve the diversity and functionality of our interdisciplinary research teams, and develop and maintain stateof-the-art research management and support systems and facilities.",CAIP TOWN UNIVERSITY STRATEGY,0
284,uct will distinguish itself by providing thought leadership on social justice.,CAIP TOWN UNIVERSITY STRATEGY,1
285,"in order to achieve this, uct will put in place communication platforms to make our teaching and learning, and research enterprises visible and accessible; policies and frameworks that enable, support and recognise civic engagement by staff and students; and bold policies and practices that support equity and cultural transformation.",CAIP TOWN UNIVERSITY STRATEGY,1
286,"3.3 making it real11 finally, uct will be an employer of choice, because it develops and fosters an organisational ethos that supports new ways of thinking, being and doing.",CAIP TOWN UNIVERSITY STRATEGY,1
287,the view of a fairer society will start with how uct functions as an organisation.,CAIP TOWN UNIVERSITY STRATEGY,1
288,"in order to support this vision, we need to foster an organisational culture that incentivises innovation and creativity, and we need to galvanise staff and students into action to develop and maintain a sustainable campus.",CAIP TOWN UNIVERSITY STRATEGY,1
289,"this will be supported by policies, systems and change management that focus on environmental, social and financial sustainability.",CAIP TOWN UNIVERSITY STRATEGY,1
290,"the whole uct community together will strive for resilience, sustainability and transformation.",CAIP TOWN UNIVERSITY STRATEGY,1
291,"all of this will find its home on a campus that provides and uses its existing physical infrastructure in an innovative manner, suitable for the service of the 21st century and beyond.",CAIP TOWN UNIVERSITY STRATEGY,0
292,"we will find space for inter-, multi- and transdisciplinary teams to work, and explore ways in which we can teach and learn and undertake research from our own environment.",CAIP TOWN UNIVERSITY STRATEGY,0
293,this is our collective commitment that will be required to work towards a uct that unleashes human potential to create a fair and just society.,CAIP TOWN UNIVERSITY STRATEGY,1
294,"we have also applied the approach of bringing together core functions and cross-cutting areas to the development of strategic choices in teaching and learning, and in research.",CAIP TOWN UNIVERSITY STRATEGY,0
295,"each working group was built around the core functions, but had memberships from cross-cutting areas in transformation and social engagement, and in the support and professional services.",CAIP TOWN UNIVERSITY STRATEGY,0
296,"vision 2030 for uct vision 2030 – unleash human potential for a fair and just society taking as our departure uct’s purpose to unleash human potential to create a fair and just society, the teaching and learning portfolio will work to unleash students’ potential through education to be resilient agents of change for themselves and in society.",CAIP TOWN UNIVERSITY STRATEGY,1
297,"in relation to the curriculum, we have a dual focus: • to offer innovative curricula at the cutting edge of disciplines and professions, to enable our students to use and develop the latest technologies, knowledge and skills to enter and contribute to different knowledge fields, to the workplace and to civil society in the 21st century • to offer a socially engaged curriculum that balances the local and the global, to enable our students to have ready access to the skills and knowledge required to exercise their sense of social citizenship in the creation of a sustainable and regenerative world.",CAIP TOWN UNIVERSITY STRATEGY,1
298,we must offer the type of learning environment that facilitates students’ engagement with their own learning to allow them to express their agency and contribute to the curriculum.,CAIP TOWN UNIVERSITY STRATEGY,1
299,"and yet, in the context of our response to covid-19, we have seen that this can also accentuate social inequality and exclusion.",CAIP TOWN UNIVERSITY STRATEGY,1
300,"uct will ensure increased network connectivity and access to mobile devices for students and staff in order to offer democratically appropriate digitally enabled education at undergraduate, postgraduate and continuous education levels.",CAIP TOWN UNIVERSITY STRATEGY,1
301,this will allow us to expose our students to the latest learning technologies in an appropriate environment without sacrificing equity or student engagement with their teachers and peers.,CAIP TOWN UNIVERSITY STRATEGY,1
302,"in order to do this, we will continually renew and transform our pedagogies.",CAIP TOWN UNIVERSITY STRATEGY,0
303,"4.3 making it real uct will provide education across the disciplines and professions that focuses on developing graduate attributes targeted at the self, the community and the world.",CAIP TOWN UNIVERSITY STRATEGY,1
304,"in relation to the self, we will teach our students skills to develop emotional intelligence, creativity and critical thinking, complex problem-solving, judgement and decisionmaking, and cognitive flexibility.",CAIP TOWN UNIVERSITY STRATEGY,0
305,"in relation to the community, we will work with our students to cultivate their ability to manage people, to coordinate with others, to be service orientated and to be able to negotiate.",CAIP TOWN UNIVERSITY STRATEGY,0
306,"finally, in relation to the world, uct students will be provided with opportunities to develop a sense of afrikan citizenship and global citizenship, responsibility towards the natural teaching and learning environment, and strong valorisation of cultural diversity.",CAIP TOWN UNIVERSITY STRATEGY,1
307,"we see our students developing a specific set of skills, qualities and perspectives that will cultivate their knowledge and intellect, as well as their responsibilities towards the community and the broader world.",CAIP TOWN UNIVERSITY STRATEGY,1
308,"in their journey, uct students will be exposed to different learning approaches, infusing environmental education, design thinking and interdisciplinary education in their studies.",CAIP TOWN UNIVERSITY STRATEGY,0
309,"these methods will allow students to develop approaches to engaging with the world in a more holistic way, and to understand their own actions, abilities and behaviour in relation to others.",CAIP TOWN UNIVERSITY STRATEGY,1
310,"by providing a problem-based education that takes place at both the university and the workplace, our students will be taught to understand problems as challenges and as opportunities, and will encounter real-world issues within a supportive environment that stresses the importance of the educational process.",CAIP TOWN UNIVERSITY STRATEGY,0
311,"while our students have exceptional potential, we must commit to our role in unleashing that potential.",CAIP TOWN UNIVERSITY STRATEGY,1
312,"this can only be done if we acknowledge and encourage our students to embrace the very different environments and experiences from which they come, and to use the knowledge and skills they have acquired to make the most of their opportunities.",CAIP TOWN UNIVERSITY STRATEGY,1
313,"to support their success and excellence, we will offer well-developed student and academic support systems.",CAIP TOWN UNIVERSITY STRATEGY,0
314,"we will leverage and harness our data analytics capabilities to provide relevant information to the students, to their lecturers and tutors, and to our support departments in order to sustain the development of the whole person.",CAIP TOWN UNIVERSITY STRATEGY,1
315,"all of this will take place in an organisational context in which physical infrastructure will be at the service of 21st-century education; planning frameworks will be designed to ensure that our educational values remain fundamental to our disciplines, programmes and curricula; and we will provide support for the development of our staff as university teachers.",CAIP TOWN UNIVERSITY STRATEGY,1
316,"vision 2030 – unleash human potential for a fair and just society research5 as uct is the top research university in afrika, and guided by uct’s purpose to unleash human potential to create a fair and just society, the university’s research portfolio will focus on unleashing knowledge in and from afrika to redefine and co-create a sustainable global future.",CAIP TOWN UNIVERSITY STRATEGY,1
317,"through its focus on afrika and its positioning in the world, uct’s research will enhance quality of life in south afrika and on the rest of the continent, with expanding impact globally.",CAIP TOWN UNIVERSITY STRATEGY,1
318,"to do this, uct will build on its globally recognised expertise in natural and social science disciplines, as well as in the humanities.",CAIP TOWN UNIVERSITY STRATEGY,0
319,"as the top research university in afrika, uct will move with ease between research focused on the building of new fundamental knowledge for the present and the future, and its targeted application for impact.",CAIP TOWN UNIVERSITY STRATEGY,0
320,"we will focus on solving complex problems and realising new opportunities within the social and natural world, by working collaboratively and democratically and using inter-, multi- and transdisciplinary approaches.",CAIP TOWN UNIVERSITY STRATEGY,1
321,"uct will attract top academics from south afrika, the rest of afrika and the broader global community.",CAIP TOWN UNIVERSITY STRATEGY,0
322,"the diversity of our staff, postdoctoral fellows and postgraduate students, and the integrated relationship between teaching, learning and research, will put uct at the global cutting edge of both research and postgraduate education rooted in afrika.",CAIP TOWN UNIVERSITY STRATEGY,0
323,"uct will continue to build its research agenda on its existing strengths and areas of expertise, and its capacity to nurture new areas of strength selected to meet strategic priorities.",CAIP TOWN UNIVERSITY STRATEGY,0
324,"we will actively focus on critical areas of impact in afrika – for example, climate change, biodiversity, urbanisation, migration, diseases of the poor, natural resource governance, and efficiency.",CAIP TOWN UNIVERSITY STRATEGY,1
325,we will extend our afrika-focused knowledge to a broader global reach.,CAIP TOWN UNIVERSITY STRATEGY,0
326,"we will also bring an afrikan perspective to concepts brought in from the global stage, eg artificial intelligence and autonomous transport, and extend these for afrika’s impact and benefit while ensuring local relevance and thought leadership.",CAIP TOWN UNIVERSITY STRATEGY,0
327,we will focus on the recruitment of staff with a high level of expertise in key research areas.,CAIP TOWN UNIVERSITY STRATEGY,0
328,"in the construction of this new research agenda, uct will intensify its global interface with other universities and research centres by leveraging our participation in international and afrikan partnerships, often leveraging these jointly.",CAIP TOWN UNIVERSITY STRATEGY,0
329,"conscious of the priority and benefit of broadening our sources of knowledge and ways of thinking and doing, we will expand our orientation to embrace local knowledge and expertise and to position it effectively on the global knowledge stage.",CAIP TOWN UNIVERSITY STRATEGY,0
330,"uct will forge strong social partnerships with local communities, civil society, business, and local and national governments, to shape its research agenda.",CAIP TOWN UNIVERSITY STRATEGY,0
331,"in so doing, this research agenda will balance the aspirations of uct’s researchers, its funders and the society in which it functions.",CAIP TOWN UNIVERSITY STRATEGY,1
332,uct will build the technical and cultural infrastructure to develop strong collaborations 5.1 who do we want to be?,CAIP TOWN UNIVERSITY STRATEGY,0
333,uct’s research infrastructure will create the organisational and material conditions to support its research excellence and relevance.,CAIP TOWN UNIVERSITY STRATEGY,0
334,"development of inter-, multi- and transdisciplinary research projects and postgraduate programmes, grounded on strong disciplines, will grow through the provision of an environment that facilitates the exchange of ideas, concepts, approaches, knowledge and data.",CAIP TOWN UNIVERSITY STRATEGY,0
335,"finally, uct will take the lead in the development of the next generation of researchers, scholars and beneficial leaders for the country and for the rest of the afrikan continent.",CAIP TOWN UNIVERSITY STRATEGY,1
336,"to achieve all of this, uct will provide an integrated, responsive and well-governed infrastructure and enterprise research to support research, including ethic compliance infrastructure; cutting-edge online platforms to sustain virtual research collaborations; and relevant and accessible information resources, cross-institutional capabilities and infrastructure to support the shared management and use of data.",CAIP TOWN UNIVERSITY STRATEGY,1
337,"uct will focus on the impact of its research and the extent of its social responsiveness, and will increase its ability to communicate research results and research impact publicly.",CAIP TOWN UNIVERSITY STRATEGY,1
338,"as a cutting-edge hub for postgraduate education in afrika, uct will offer intense training for supervisors, on the understanding that supervision is a form of teaching that needs to be developed.",CAIP TOWN UNIVERSITY STRATEGY,0
339,"further postgraduate education and early-career researchers will be supported through a strong researcher development academy.vision 2030 – unleash human potential for a fair and just society concluding remarks to support this dream and make it sustainable, uct needs to take a number of important steps.",CAIP TOWN UNIVERSITY STRATEGY,1
340,"first, it needs to continue to engage with the university community to elicit active participation in the new vision.",CAIP TOWN UNIVERSITY STRATEGY,0
341,"second, it will require that the institutional and core function cascades are further translated downstream, creating an integrated dialogue across faculties, academic departments, support and professional services, and general administration.",CAIP TOWN UNIVERSITY STRATEGY,0
342,"third, from an organisational point of view, uct will need to learn to hold together ambivalence and complexity.",CAIP TOWN UNIVERSITY STRATEGY,0
343,"fourth, to be able to manage the complexity of our enterprise we will need to develop 21stcentury systems in the core functions, as well as in the administrative backbone of the university, from it to finance and human resources.",CAIP TOWN UNIVERSITY STRATEGY,0
344,"fifth, uct will have to make fundamental decisions about where to allocate resources to make this vision sustainable.",CAIP TOWN UNIVERSITY STRATEGY,0
345,a vision such as this will require a different approach to the uct budget and the development of new and innovative ways to finance different elements of the strategy.,CAIP TOWN UNIVERSITY STRATEGY,0
346,we are looking forward to working with the uct council in achieving this.vision 2030 – unleash human potential for a fair and just society,CAIP TOWN UNIVERSITY STRATEGY,1
347,preface we are proud to present a new strategy for the university of copenhagen.,COPENHAGEN UNIVERSITY STRATEGY,0
348,"with this strategy, we are setting a clear direction for the university leading up to 2030. we aim to benefit more people and open the university up even more to the world outside.",COPENHAGEN UNIVERSITY STRATEGY,1
349,"we will continue developing our framework for curiosity-driven research, and we will offer research-based education and lifelong learning of world-class quality.",COPENHAGEN UNIVERSITY STRATEGY,0
350,"our outstanding research and talented students will contribute even more to society , addressing local and global challenges and creating new jobs.",COPENHAGEN UNIVERSITY STRATEGY,1
351,"we would like to thank all the dedicated staff and students at the university, who, throughout the year, have given their input, provided us with new perspectives and given us wise words of encouragement – all of which have helped drive the strategy in the right direction.",COPENHAGEN UNIVERSITY STRATEGY,0
352,"we have also received valuable contributions from external partners, all of whom have helped us maintain our focus on the world around us.",COPENHAGEN UNIVERSITY STRATEGY,0
353,we will now begin the journey to fulfil our ambitions by 2030. w e look forward to continuing working together with you to realise the new strategy.,COPENHAGEN UNIVERSITY STRATEGY,0
354,"based on our excellent research, education and innovation we aim to generate new knowledge, inform more people and contribute to welfare, prosperity and a sustainable society.",COPENHAGEN UNIVERSITY STRATEGY,1
355,ucph will advance knowledge and provide solutions in collaboration with the surrounding world.,COPENHAGEN UNIVERSITY STRATEGY,1
356,we aim to enhance our position as a world-leading research university.,COPENHAGEN UNIVERSITY STRATEGY,0
357,"ucph is a multi-faculty university with a multiplicity of academic disciplines, offering rich opportunities for specialisation and conducting research of the highest quality.",COPENHAGEN UNIVERSITY STRATEGY,0
358,this is the university’s foundation and essential for realising our ambitions in the short and long term.,COPENHAGEN UNIVERSITY STRATEGY,0
359,"our graduates, phds and postdocs contribute to the general education of society, bringing new knowledge and research-based working methods to the labour market and the business community.",COPENHAGEN UNIVERSITY STRATEGY,1
360,the geopolitical situation is changing and navigating international collaboration will be challenging.,COPENHAGEN UNIVERSITY STRATEGY,0
361,"we are committed to contributing to the development of society through research, education and innovation.",COPENHAGEN UNIVERSITY STRATEGY,1
362,the strategy encompasses the whole of ucph but will affect different parts of the university in different ways.,COPENHAGEN UNIVERSITY STRATEGY,0
363,"sustainability, including economic, social and environmental sustainability, is so crucial to the progress of society and that of the university that it is a key component in the realisation of all three ambitions.",COPENHAGEN UNIVERSITY STRATEGY,1
364,"we will push forward on all fronts to boost initiatives addressing, for example, climate change and the biodiversity crisis.",COPENHAGEN UNIVERSITY STRATEGY,1
365,"we will embrace bold ideas, unconventional experiments and innovative partnerships – challenged and tested by peers in accordance with scientific standards.",COPENHAGEN UNIVERSITY STRATEGY,0
366,"often, the best ideas and new competence needs arise across existing disciplinary boundaries, and we will provide better opportunities for leveraging the breadth of our research for interdisciplinary breakthroughs and educational initiatives across disciplines.",COPENHAGEN UNIVERSITY STRATEGY,0
367,our students will experience engaging teaching and degree programmes that keep evolving under our guiding principles for education.,COPENHAGEN UNIVERSITY STRATEGY,1
368,ucph wants to be recognised for an attractive study environment with high levels of student well-being and where students are part of communities and supported in their academic and social engagement through their education.,COPENHAGEN UNIVERSITY STRATEGY,1
369,"we will ensure an attractive work environment, inspiring personal and professional development, innovation and quality in our employees’ day-to-day work.",COPENHAGEN UNIVERSITY STRATEGY,0
370,"the university’s research is increasingly funded by external grants, particularly from private foundations.",COPENHAGEN UNIVERSITY STRATEGY,0
371,"in a changing funding landscape, ucph wants to contribute to developing research partnerships with public and private foundations.",COPENHAGEN UNIVERSITY STRATEGY,0
372,"this will ensure that external funding contributes to fostering new ideas and conducting independent, curiosity-driven and society-relevant research, education and innovation at the highest level across the university.",COPENHAGEN UNIVERSITY STRATEGY,1
373,an innovative and solution-oriented university the university of copenhagen will – together with partners – work to ensure that excellent research and talented students form the basis of innovation that helps develop new solutions to society’s challenges and create new jobs.,COPENHAGEN UNIVERSITY STRATEGY,1
374,we will support innovative teaching initiatives and practice that encourage solution-oriented thinking among our graduates.,COPENHAGEN UNIVERSITY STRATEGY,0
375,"we will enhance the culture and framework conditions for innovation, entrepreneurship and business collaboration, and we will invest in and help develop a more coherent innovation ecosystem at the university, in copenhagen, the rest of denmark and in northern europe.",COPENHAGEN UNIVERSITY STRATEGY,0
376,"our aim is to support researchers and students all the way from idea to business and to encourage partnerships with organisations, authorities and businesses.",COPENHAGEN UNIVERSITY STRATEGY,0
377,"we will offer world-class research-based education at bachelor’s, master’s and phd levels and provide opportunities for continuing and further education throughout people’s careers.",COPENHAGEN UNIVERSITY STRATEGY,0
378,we will offer demand-driven and professional support for all our activities as a lifelong learning partner and design internationally attractive programmes that can extend the university’s multifaceted research to far more people than today.,COPENHAGEN UNIVERSITY STRATEGY,0
379,ucph will support a sustainable transformation by offering relevant competences and the latest knowledge.,COPENHAGEN UNIVERSITY STRATEGY,1
380,"continuing and further education programmes will enable research and education to enrich each other through academic inspiration, pedagogical development and networking.",COPENHAGEN UNIVERSITY STRATEGY,0
381,"we will offer a wide range of open university courses, and contribute to public democratic debate, the general education of society and people’s enthusiasm for science.",COPENHAGEN UNIVERSITY STRATEGY,1
382,"prerequisites the university is situated in a world of constant cultural and societal change, and it requires constant attention to ensure that we live up to our role as a key stakeholder in society.",COPENHAGEN UNIVERSITY STRATEGY,1
383,"accordingly, we will keep working to strengthen six prerequisites for the university’s general activities and for our efforts to deliver on the ambitions set out in the strategy.",COPENHAGEN UNIVERSITY STRATEGY,0
384,"academic freedom universities have been entrusted with academic freedom to ensure the best conditions for generating and communicating new knowledge and to facilitate constant and critical discussion of existing knowledge, norms and practices.",COPENHAGEN UNIVERSITY STRATEGY,1
385,"academic freedom applies to both research and teaching, and it is task for the leadership of the university to champion the responsible conduct of research.",COPENHAGEN UNIVERSITY STRATEGY,1
386,"diversity, equity and inclusion a university should be characterised by creativity, curiosity and vision, which only comes about through allowing everyone at the university to contribute and participate, which will enhance the quality of research, education and innovation.",COPENHAGEN UNIVERSITY STRATEGY,1
387,"diversity, equity and inclusion will be prioritised across all our activities.",COPENHAGEN UNIVERSITY STRATEGY,1
388,we aim to be an even more attractive place to study and work: a truly international institution where linguistic and cultural differences are valued.,COPENHAGEN UNIVERSITY STRATEGY,1
389,"we have set overall objectives that address significant challenges in relation to climate footprint, resource use and biodiversity on campus.",COPENHAGEN UNIVERSITY STRATEGY,1
390,"in the period covered by this strategy, we will translate these objectives into concrete actions and policies.",COPENHAGEN UNIVERSITY STRATEGY,0
391,the university will actively use the knowledge generated by our researchers and by the world around us to promote and support the green transition.,COPENHAGEN UNIVERSITY STRATEGY,1
392,we will create opportunities that make it easier for students and staff to work with the university’s green transition.,COPENHAGEN UNIVERSITY STRATEGY,0
393,global perspective the university of copenhagen aims to bring knowledge into play in international contexts and contribute to a better and more sustainable world.,COPENHAGEN UNIVERSITY STRATEGY,1
394,"we encourage student mobility, attract full-degree students, engage in international alliances and seek new partnerships with elite universities across the world.",COPENHAGEN UNIVERSITY STRATEGY,0
395,"university of copenhagen · strategy 2030 8well-being, communities and good leadership our most important asset is talented staff and students who take responsibility for themselves and each other.",COPENHAGEN UNIVERSITY STRATEGY,1
396,the university will be known for prioritising well-being and job satisfaction and for fostering strong and committed ucph communities.,COPENHAGEN UNIVERSITY STRATEGY,1
397,good leadership is a key prerequisite for a good work/life balance for staff and students.,COPENHAGEN UNIVERSITY STRATEGY,1
398,"an integrated administration the university of copenhagen aims to have an integrated administration which, as an integral part of the university, contributes positively to discharging the university’s core activities.",COPENHAGEN UNIVERSITY STRATEGY,0
399,"as an academic institution, it is our responsibility to uphold the truth and we are dedicated to confronting the ongoing harm committed by settler colonialism.",Dawson College,1
400,it is thus with gratitude and appreciation that i acknowledge the participation of the many employees and students who contributed their ideas and offered their feedback on our strategic priorities for the next five years.,Dawson College,0
401,"this plan is founded on your reflections on our past and present, and on your aspirations for our future.",Dawson College,0
402,"circumstances specific to dawson, as well as forces acting across quebec society and beyond, are requiring us to re-affirm our sense of community and identity, to refine our support for the well-being of students and employees, and to carefully shape our orientations for the next five years.",Dawson College,1
403,our commitment to the over-arching value of well-being for all will entail significant changes to our institutional culture and what it means to learn and work at dawson.,Dawson College,1
404,"our promises in the areas of equity, diversity, inclusion and accessibility, as well as indigenization, will involve us in work stretching well beyond the timeframe of the next five years.",Dawson College,1
405,the revised charter of the french language is already requiring a reworking of our assumptions and practices.,Dawson College,0
406,the charter is likely to change the makeup of dawson’s student population.,Dawson College,0
407,it may also have impacts on student progression and graduation; these are impacts that we will be monitoring carefully.,Dawson College,0
408,introduction 5 introduction from director general (continued) other challenges are taking shape or will emerge unexpectedly.,Dawson College,0
409,"i have confidence, however, in our ability to address what lies ahead because the specific orientations and goals of this plan reflect our institutional values and our traditional strengths in collaboration and innovation.",Dawson College,1
410,"guided by the priorities established here, we will both forge ahead with critical initiatives and respond to new factors as they arise.",Dawson College,0
411,"each of the three orientations contains approaches that advance our primary mission of student success and, at the same time, support the wellbeing of our students, of the dawson community of employees and of the environment that sustains us all.",Dawson College,1
412,we have equally been guided by our commitment to institutional excellence.,Dawson College,1
413,"the eight goals of this plan set a high bar for the dawson community, but we have a history of exceeding expectations and providing leadership to the entire college network.",Dawson College,1
414,"diane gauvin director general, dawson college dawson peace gardenmission dawson college is a vibrant and inclusive community dedicated to providing quality higher education.",Dawson College,1
415,"our mission is to: educate a diverse population of students through transformative and innovative learning activities; engage learners and empower them to become active, responsible citizens; enrich society by offering life-long learning opportunities, cultivating partnerships and contributing to a peaceful and sustainable future.",Dawson College,1
416,"vision to be an institution of higher learning that fosters academic achievement and personal and collective flourishing, where integrated strategies to guide learning, enhance engagement and promote well-being combine to model the kind of world we want to live in.",Dawson College,1
417,introduction 7institutional excellence we aim for excellence in the quality of our academic programs and in the effectiveness of our support services.,Dawson College,0
418,we commit to continual improvement in these areas through quality assurance and the promotion of evidence-based approaches.,Dawson College,0
419,"collaboration the diverse members of our community are encouraged to share their insights, knowledge, and skills as we endeavour to refine our strategies for working together in service to our mission.",Dawson College,1
420,we affirm that our community is strengthened by the representation and participation of all its members in college governance.,Dawson College,1
421,"innovation and creativity we create a supportive environment for innovation and creativity on the part of students and faculty, recognizing that inquiry and risk-taking are integral to authentic teaching and learning.",Dawson College,1
422,"well-being for all: an over-arching value all dawson students and employees are respected, valued and supported in the pursuit of their unique educational and professional goals.",Dawson College,1
423,"as individual and collective growth are grounded not only in supportive communities but also in a healthy environment, we encourage awareness and actions that contribute to our stewardship role in the natural world.",Dawson College,1
424,"values introduction 8introduction 9 goal 1 student success is enhanced through a coordinated, evidence-based approach to improving the quality of academic programs goal 2 delivery of services to students contributes positively to the quality of the student experience goal 3 students capitalize on the opportunities for academic, social and personal development as expressed in the outcomes of the graduate profile orientation 1: students goal 4 a comprehensive approach to the indigenization of dawson college is established goal 5 dawson’s learning and working communities are equitable, diverse, inclusive, and accessible goal 6 foster an institution-wide culture of well-being goal 7 the physical environment is enhanced to support student success and employee collaboration and innovation orientation 2: communities goal 8 social, economic and environmental sustainability are understood and practiced across the entire dawson community orientation 3: environment well-being for all introduction to the orientations the nested structure of the three orientations – the student within the community within the environment – represents the integrative design of this strategic plan.",Dawson College,0
425,progress in any one action should have positive ripple effects on multiple other actions.,Dawson College,0
426,new is our commitment to fulfilling this mission in the light of the over-arching value of well-being for all.,Dawson College,1
427,"support well-being through academic, personal, and social development of the whole person, such that students are able to define their own purposes and realize their full potential.",Dawson College,1
428,"resilient, adaptable, successful students orientation 1 environment communities students orientation 1: students orientation 1: students 12 overview (continued) to face the future with confidence, our students will need resilience and robust intellectual skills.",Dawson College,0
429,they will need to be civic-minded in the face of misinformation and polarization.,Dawson College,1
430,they will have to be pragmatic in response to changing circumstances in the world of work.,Dawson College,0
431,"looming environmental challenges will require collective, indeed global efforts that have no historical precedent.",Dawson College,1
432,"our priorities under orientation 1 will thus see evidence-based enhancements in both the quality of our academic programs, and in the quality of the full range of services to students.",Dawson College,0
433,“evidence-based education means integrating individual teaching and learning expertise with the best available external evidence from systematic research.” what is evidence-based education?,Dawson College,0
434,a coordinated strategy for ongoing professional development will provide opportunities to develop and share effective pedagogical practices.,Dawson College,0
435,conforming to the new requirements of the charter of the french language has already spurred changes in curricula in every program offered by the college.,Dawson College,0
436,additional resources that support teaching and learning in french will be necessary to ensure retention and academic success.,Dawson College,0
437,"we will ensure support for student achievement with targeted measures in french language learning that reach all students: certificate holders, non-certificate holders and indigenous students.",Dawson College,1
438,"2022) orientation 1: students orientation 1: students 14 overview (continued) artificial intelligence promises to inform the evolution of certain programs and provide new tools that assist with analysis of student data; in the meantime, it is already placing pressure on colleges and universities to develop ethical guidelines that ensure that student learning is uncompromised.",Dawson College,1
439,we will sustain the conversations already underway at dawson regarding the rapid emergence of artificial intelligence and its implications for higher education.,Dawson College,0
440,"where services to students are concerned, new initiatives will be informed by research on student mental health.",Dawson College,0
441,"understanding that mental health is an obvious premise for academic success, we must ensure that services effectively address student needs.",Dawson College,1
442,“ [colleges should] create an environment that practices the application of daily behaviors to support well-being and prepare students to manage stress in small increments.,Dawson College,1
443,"these activities can add significant value and meaning to a student’s time in college, and participation has furthermore been shown to correlate positively with academic success.",Dawson College,0
444,"orientation 1: students 15 “ ...extra-curricular activities have a positive, though indirect effect on academic performance because of the non-academic and social benefits of participation.",Dawson College,0
445,"turning first to the nonacademic effects of participation in extra-curricular activities, many suggest that participants develop a wide range of competencies that support academic achievement such as timemanagement, personal organization and team-work (larson et al., 2006).",Dawson College,0
446,"students with a strong social connection to their educational institution built by extra-curricular activities are likely to be more motivated and have improved academic performance (osterman, 2000).” the impact of extra-curricular activity on the student experience (buckley 2021) orientation 1: students orientation 1: students 16 graduate profile outcomes ■ learning to learn students will become active and engaged participants in their own learning through the effective use of learning and self-motivation strategies to enable them to achieve desired educational results.",Dawson College,0
447,students will develop problem-solving skills in which they implement a strategy to answer an open-ended question or achieve a desired outcome.,Dawson College,0
448,students will demonstrate creative thinking by combining ideas or producing works in original ways.,Dawson College,0
449,"students will learn to manage interpersonal relationships, resolve conflicts and assume responsibility for their own actions.",Dawson College,0
450,students will be encouraged to make a difference in the quality of life of their communities through both political and non-political processes.,Dawson College,1
451,"orientation 1: students orientation 1: students 17 students goal 1 student success is enhanced through a coordinated, evidence-based approach to improving the quality of academic programs goal 2 delivery of services to students contributes positively to the quality of the student experience goal 3 students capitalize on the opportunities for academic, social and personal development as expressed in the outcomes of the graduate profile orientation 1 orientation 1: students goal 1 student success is enhanced through a coordinated, evidence-based approach to improving the quality of academic programs orientation 1: students 18 expand awareness and application of evidence-based approaches to student-centered, competency-based learning for continuous improvement of student learning actions 1.1.1 develop and implement a comprehensive plan for faculty development for day and continuing education teachers widening the reach of evidence-based practices in teaching and student learning high-level target: professional development plan for faculty is developed, communicated and implemented 1.1.2 expand awareness of and develop activities and resources supporting competency-based curriculum and assessment high-level target: resources to faculty on competencybased learning are developed and offered 1.1.3 develop a comprehensive onboarding process for new faculty high-level target: new faculty onboarding process is developed and implemented 1.1 support the expansion of the use of high-impact practices (hips) and interdisciplinary initiatives that enhance academic quality of programs actions 1.2.1 support high impact practices (hips) curriculum development across programs and departments high-level target: current hips are supported and new ones are developed and implemented in diverse programs and departments 1.2 1.3 support students in developing their proficiency in french actions 1.3.1 monitor the impacts of and develop recommendations to the implementation of the charter of the french language both for day and continuing education divisions high-level target: task force monitoring of student success in french language courses 1.3.2 review and revise the offerings of the centre de langue écrite et orale (cléo) services high-level target: the offerings of cleo are reviewed and expanded high-level target: new french exit exam preparation activities are developed 1.3.3 develop and offer para-academic activities supporting french proficiency high-level target: para-academic activities supporting french proficiency are developed and offered 1.3.4 provide support for teachers offering courses in french high-level target: provide support and professional development for teachers offering courses in french 1.3 improve student achievement, retention and graduation rates, particularly in underperforming programs actions 1.4.1 offer support to departments and programs on gathering, interpreting, and acting on data.",Dawson College,0
452,"support the implementation of department and program student success projects that stem from recommendations in annual reports high-level target: recommendations and annual work plans of departments and programs reflect data-informed analysis of student achievement, retention and graduation high-level target: increase in number of student success project proposals that follow from recommendations in annual program and department reports 1.4.2 pilot the implementation of artificial intelligence instruments for identifying and better supporting students at risk high-level target: artificial intelligence instruments for identifying and better supporting students at risk are piloted and assessed 1.4 review student workloads to optimize for academic success and well-being actions 1.5.1 analyze and make recommendations regarding student workloads and course schedules and taking into consideration evidence on the relation between workload, academic achievement, and student well-being high-level target: departments respect ponderation across all courses, in consideration of program workload in the context of student well-being 1.5.2 explore the causes of course failures leading to delays in student academic advancement high-level target: programs reflect on the relation between academic achievement, program workload and factors bearing on student well-being (employment, mental health, finances, etc.)",Dawson College,0
453,"1.5 orientation 1: students goal 3 students capitalize on the opportunities for academic, social and personal development as expressed in the outcomes of the graduate profile goal 2 delivery of services to students contributes positively to the quality of the student experience 2.1 ensure that delivery of services to students and communications with students are accessible, consistent and effective actions 2.1.1 review the delivery of services taking into consideration best practices high-level target: task force assessment of delivery of services to students is completed, and recommendations are submitted for review and action 2.1.2 ensure effectiveness, and accessibility of communications with students by reviewing and adapting messages, processes and platforms used by academic sectors and services to students high-level target: communication practices and platforms across academic services and sectors are assessed, and recommendations are submitted for review and action 2.1 review and refine approaches to welcoming new students, supporting their transition to college, and accompanying returning students on their college journey actions 2.2.1 implement an approach to onboarding and supporting new students throughout their first year high-level target: a comprehensive strategy for onboarding and supporting new students throughout their first year is developed and implemented (including program orientation) 2.2.2 explore approaches to providing guidance and advising services to students that increase student retention by supporting motivation, engagement and agency high-level target: a review of best practices in guidance and advising with respect to retention and well-being is completed, and recommendations are submitted for review and action 2.2 3.1 increase community awareness of and student participation in academic and para-academic activities that develop facets of the graduate profile actions 3.1.1 define the benefits for students of the links between academic, para-academic and extra-curricular activities that develop graduate profile outcomes high-level target: the connections between academic, para-academic and extra-curricular activities are mapped, and student awareness increases 3.1.2 develop and promote new opportunities for holistic student development (academic, personal and social) as defined by the graduate profile high-level target: new approach to increased participation in college life is implemented, and all students participate high-level target: comprehensive approach for recognition of student involvement in para-academic and extra-curricular activities is developed 3.1.3 explore options for a college-wide, sector-specific or family of programs common time block for academic, para-academic, and extra-curricular activities high-level target: common time-blocks for meetings of students by sectors or programs are identified and scheduled, where feasible 3.1 orientation 1: students 19 orientation 1: students students orientation 1: students 20 orientation 2: communities 21 overview over time, dawson’s strengths as a community have allowed us to adapt to, and not be defined by, social, economic and political circumstances – and to ultimately advance the collective priorities of the dawson community.",Dawson College,1
454,orientation 2: communities collaboration and innovation are enhanced by mutual respect and understanding across diverse communities and by support for the well-being and development of every individual.,Dawson College,1
455,creating just and caring learning and working communities orientation 2 environment communities studentsorientation 2: communities 22 orientation 2: communities overview (continued) recognizing and addressing the needs of indigenous students and communities is one such priority.,Dawson College,1
456,"guided by the recommendations of the truth and reconciliation commission and by the colleges and institutes canada indigenous education protocol, to which dawson is a signatory, preliminary efforts under the 2016-2023 strategic plan created academic pathways such as journeys; physical spaces and support services like the first peoples centre; and positions such as the indigenous pedagogical counsellor.",Dawson College,1
457,this first phase embarked on building a climate of respect and understanding to support the aspirations of indigenous students.,Dawson College,1
458,"pursuing the fulfillment of these efforts will entail the design and implementation of diverse new initiatives, including an indigenous student success plan; an indigenous protocol; strategies for strengthening relationships with indigenous communities; and approaches to honouring land and territory.",Dawson College,1
459,resolve in these endeavours is even more important given the context of the charter of the french language and its potential impacts on indigenous access to post-secondary education and student success.,Dawson College,1
460,"“ indigenizing the academy is not one strategy, or one policy change—it is a culminating and complex living movement that aims to see post-secondary institutions empowering aboriginal peoples’ cultural integrity through respectful relationships through relevant policies, programs, and services... indigenization of the academy [will have] truly transformed higher education when indigenous students leave the institution more empowered in who they are as indigenous peoples and when non-indigenous peoples have a better understanding of the complexities, richness, and diversity of indigenous peoples, histories, cultures, and lived experiences.” more than a checklist: meaningful indigenous inclusion in higher education (pidgeon 2016) governance and leadership access and care land and ceremony knowledge and learning student success relationships and accountability community engagementorientation 2: communities overview (continued) another priority will be a dawson-wide approach to equity, diversity, inclusion and accessibility.",Dawson College,1
461,colleges and universities across canada are taking steps to create more just and caring environments for students and employees.,Dawson College,1
462,"every student and employee has the right to be treated respectfully and to feel confident that the college is monitoring practices and evaluating policies for equity, diversity, inclusion and accessibility.",Dawson College,1
463,"if well-being for all is to truly be an over-arching value, we must offer all employees pathways to learn and grow in the same spirit as we contribute to the growth of our students.",Dawson College,1
464,"“ although edi education holds promise for boosting awareness and promoting inclusive conduct, its success is largely tied to its positioning within an institution.",Dawson College,0
465,"three principal elements determine its effectiveness: edi educational initiatives’ situation within a larger organizational plan; its framing as welcoming and nonthreatening, while recognizing that sessions may provoke a level of disquiet; and the provision of iterative opportunities to review and apply knowledge gained through edi training... [the academy] presents a uniquely promising site for edi education, as an organization that subscribes to the principles that learning is ongoing and lifelong, that received wisdom should be open to testing and scrutiny, and that knowledge is advanced through convergence of, and debate among, diverse voices.” equity education initiatives within canadian universities: promise and limits (campbell 2021) “ [learning organizations are] organizations where people continually expand their capacity to create the results they truly desire, where new and expansive patterns of thinking are nurtured, where collective aspiration is set free, and where people are continually learning how to learn together.” the fifth discipline (senge 1997) orientation 2: communities 23overview (continued) finding adequate and appropriate space for our students and employees remains an urgent priority.",Dawson College,1
466,"even as new solutions are investigated, we will take specific measures to improve the functionality and aesthetics of our existing facilities, with particular attention to more accessible and welcoming common spaces, and greater visibility of dawson’s history and identity.",Dawson College,1
467,orientation 2: communities 24 “ a supportive physical space is a strategic opportunity to enhance both student well-being and the student experience.,Dawson College,0
468,"the quality of physical learning environments has a significant and measurable impact on student well-being, engagement, productivity, and satisfaction.” principles for enhancing wellbeing through physical spaces at sfu (sfu 2014) orientation 2: communities orientation 2: communities 25 orientation 2: communities orientation 2 community goal 4 a comprehensive approach to the indigenization of dawson college is established goal 5 dawson’s learning and working communities are equitable, diverse, inclusive, and accessible goal 6 foster an institution-wide culture of well-being goal 7 the physical environment is enhanced to support student success and employee collaboration and innovationgoal 4 a comprehensive approach to the indigenization of dawson college is established 4.1 work to close the educational achievement gap between indigenous and non-indigenous students actions 4.1.1 increase access of indigenous students to college studies and to stem programs in particular high-level target: indigenous student protocol is drafted and adopted, relevant service units and personnel are familiar with protocol, and community partners and feeder schools are aware of the provisions of the protocol high-level target: pathways to stem programs are developed and implemented high-level target: recommendations of journey’s assessment are submitted for review and action 4.1.2 improve retention by strengthening the holistic support network for indigenous students high-level target: across the dawson community, existing supports for retention of indigenous students are consolidated and new ones are developed and implemented high-level target: processes to facilitate the hiring, onboarding and professional development of teachers in journeys are developed and implemented high-level target: peer and professional tutoring for indigenous students is expanded high-level target: in departments and service units, professional development activities focusing on understanding and responding to needs of indigenous students are offered 4.1 4.2 involve indigenous people in responsive and collaborative leadership regarding indigenous matters as well as broader college concerns actions 4.2.1 ensure appropriate indigenous representation in decision-making high-level target: mandate of indigenous community table is formalized high-level target: indigenous office is created and staffed high-level target: initiative for developing indigenous student leadership is designed and launched 4.2.2 implement measures to increase, develop and retain indigenous employees for all sectors of the college and at all levels high-level target: increase in recruitment and retention of indigenous personnel 4.2 engage the entire dawson community in learning historical and contemporary truths to move forward decolonizing and indigenizing together actions 4.3.1 engage students in decolonization and indigenization through teaching, curriculum development and campus activities high-level target: opportunities for exposure to indigenous cultures are developed and offered high-level target: existing courses with indigenous content and pedagogies are consolidated, and new courses developed high-level target: expansion of number of indigenous cultural activities on campus 4.3.2 support all employees in acquiring knowledge in indigenous history, contemporary realities, pedagogies, as well as strengths-based trauma-informed approaches to student support high-level target: professional development, focussing on indigenous history, pedagogies and support strategies, is developed and offered to the general community and to programs and departments 4.3 build and nurture meaningful relationships with indigenous communities and lands actions 4.4.1 honour land and territory by indigenizing dawson grounds high-level target: land acknowledgement is created through a collaborative learning process high-level target: indigenous elements are included in landscaping high-level target: campus grounds are used for place-based learning 4.4.2 strengthen relationships with indigenous communities high-level target: mandate of the indigenous education council is formalized high-level target: community accountability and engagement protocol is created and implemented high-level target: meetings with communities occur regularly 4.4.3 increase the visibility of indigenous cultures and languages on campus high-level target: acquisition plan is developed for indigenous cultures in areas of the college 4.4 orientation 2: communities 26 orientation 2: communities goal 5 dawson’s learning and working communities are equitable, diverse, inclusive, and accessible 5.1 engage the dawson community in developing awareness of and implementing equity diversity inclusion and accessibility (edia) principles actions 5.1.1 develop and implement an edia plan high-level target: edia campus climate assessment is completed high-level target: edia action plan is developed and training, policy reviews and associated actions are launched 5.1.2 improve support to underserved students high-level target: measures in the edia action plan addressing underserved students are implemented 5.1.3 support processes to collectively reflect, learn, and bring into focus edia principles in program and departmental approaches high-level target: measures in the edia action plan that raise awareness and support practices are implemented across programs and departments 5.1 5.2 ensure that access to employment at dawson complies with equity diversity inclusion and accessibility (edia) principles actions 5.2.1 develop and implement a college-wide training plan that creates common language on edia with regard to equal access to employment principles and practices high-level target: training programs are implemented for selection committees and the college as a whole 5.2.2 revise and implement pre-and post-selection committee hiring processes and practices in keeping with edia principles high-level target: job postings include the use of inclusive language and broader selection criteria to encourage hiring of diverse candidates high-level target: recruitment and selection criteria are broadened to reach out to a wider variety of groups, outside the “usual” areas high-level target: an onboarding/welcome process, including a retention plan, is established for new employees 5.2 orientation 2: communities 27 orientation 2: communities goal 7 the physical environment is enhanced to support student success and employee collaboration and innovation goal 6 foster an institution-wide culture of well-being orientation 2: communities 6.1 develop and implement a strategic approach that promotes well-being actions 6.1.1 provide the management team with opportunities for sharing and exploring approaches that promote well-being across the community high-level target: capacity for promoting the well-being across the community is increased 6.1.2 implement strategies that foster the well-being of students and employees high-level target: improvement of the well-being of students and employees 6.1 7.1 develop and implement a plan to acquire space actions 7.1.1 acquire new spaces to correct the space deficit high-level target: space deficit is resolved 7.1.2 develop and implement plan for the transition to the new spaces high-level target: a transition plan for new spaces is implemented 7.1 7.2 redesign learning, study, work and collaboration spaces to support student learning and promote employee engagement actions 7.2.1 develop and implement plans for the design, renovation and repurposing of academic and common spaces that facilitate student learning and employee engagement high-level target: a plan for academic spaces is developed and implemented high-level target: a plan for redesigning common indoor and outdoor spaces to highlight biophilic design, dawson identity and indigenous cultures is developed and implemented 7.2 evaluate the accessibility of college spaces and redesign as necessary actions 7.3.1 analyse the accessibility of the facilities high-level target: assessment of college facilities for accessibility is completed and recommendations are submitted for review and action 7.3.2 conduct a campus wayfinding analysis high-level target: campus wayfinding analysis is completed and recommendations are submitted for review and action 7.3 6.2 facilitate for all employees a greater sense of belonging to and contributing to the larger dawson community actions 6.2.1 develop comprehensive employee life cycle programs (including onboarding, professional development and evaluations) high-level target: new onboarding processes, professional development programs and evaluations are launched for employees 6.2.2 evaluate and address obstacles to effective communication across college units high-level target: communication strategies support both well-being and effectiveness 6.2.3 facilitate employee participation in the development and enrichment of the dawson community high-level target: participation of employees in college activities is increased 6.2 6.3 recognize employee innovation, creativity, collaboration, excellence actions 6.3.1 identify and meaningfully recognize employee achievements that reflect dawson’s values high-level target: programs recognizing the contributions and achievements of employees are implemented 6.3 orientation 2: communities 28communities orientation 2: communities 29 orientation 3: environment 30 overview it is widely understood that human social and economic development must respect planetary environmental boundaries.",Dawson College,1
469,"when economic, social and ecological systems are healthy and sustainable, the result is well-being for all.",Dawson College,1
470,"these and other trends signal that our responses, locally and globally, are falling short.",Dawson College,0
471,"orientation 3: environment infuse sustainability – environmental, social, economic – throughout the academic sector and all services to expand awareness and create opportunities for individual and collective action heal thy , sustainable environment orientation 3 environment communities studentsoverview (continued) as we prepare students academically for university and the world of work, we also have a moral obligation to inform and engage students in view of the environmental challenges of the decades ahead.",Dawson College,1
472,"dawson has established itself as a leader in sustainability in higher education, but we can and must do more to ensure that all dawson graduates understand the interrelated nature of environment, economy and society in the context of their chosen program.",Dawson College,1
473,what values are sufficient for sustaining stable democracies and healthy ecosystems?,Dawson College,1
474,these and similar questions engage students because they are of profound importance for our common future.,Dawson College,1
475,a comprehensive landscape management plan will see ecological design principles guiding the renewal of outdoor green and common spaces.,Dawson College,0
476,"with the creation of flexible new areas for outdoor learning, recreation and reflection, the campus environs will be a true expression of dawson’s educational and stewardship values.",Dawson College,1
477,"“ addressing the challenges of the sustainable development goals will require new knowledge, new ways of doing things, hard choices between competing options, and in some cases profound transformations.",Dawson College,1
478,they attract and nurture talent and creativity and are central players in regional and national innovation systems.,Dawson College,1
479,"these services are critical for helping the global community understand the challenges, opportunities, and interactions between the sdgs; develop and implement solutions; develop and assess policy options and transformation pathways; and monitor progress... achieving the sdgs will need everyone to contribute.",Dawson College,1
480,"universities therefore need to ensure that they are equipping current and future leaders, decision-makers, teachers, innovators, entrepreneurs, and citizens with the knowledge, skills and motivation that will help them contribute to achieving the sdgs.” getting started with the sdgs in universities: a guide for universities, higher education institutions, and the academic sector.",Dawson College,1
481,"(sdsn australia/pacific 2017) orientation 3: environmentorientation 3: environment 33 orientation 3: environment sustainibility goal 8 social, economic and environmental sustainability are understood and practiced across the entire dawson community orientation 3goal 8 social, economic and environmental sustainability are understood and practiced across the entire dawson community orientation 3: environment expand opportunities for student and employee learning and action on sustainability and well-being actions 8.1.1 raise awareness of the three components of sustainability - environmental, social, and economic - through academic, para-academic and professional development activities high-level target: initiatives to raise awareness of three-part definition of sustainability are developed, and implemented across dawson community 8.",Dawson College,1
482,1.2 create opportunities for students and employees to learn about and practice social entrepreneurship high-level target: new opportunities are created for students and employees to learn and practice social entrepreneurship 8.,Dawson College,0
483,"1.3 support new curriculum development projects across programs, based on the united nations sustainable development goals high-level target: new projects in curriculum mapping and curriculum development for united nations sustainable development goals are developed across programs 8.1 strengthen dawson’s leadership role in sustainability, share knowledge and build collaborative capacity actions 8.2.1 research and communicate the positive impacts of enhanced sustainability on academics and physical operations high-level target: community awareness of positive institutional impacts of sustainability is increased 8.2.2 create opportunities for knowledge sharing and collaborative projects within the college network, across canada and internationally high-level target: new projects with new partners to share knowledge and collaborate on projects 8.2 orientation 3: environment 34stay in touch with dawson college dawsoncollege.qc.ca",Dawson College,1
484,this strategic plan is about our success today and our relevance tomorrow.,Florida International University,0
485,this momentum has been supported by a series of transformational moments that are rooted in the university’s founding goals.,Florida International University,1
486,"these goals, shared by founding president charles perry on september 14, 1972, are memorialized on a bronze plaque near the entrance of primera casa, fiu’s first building: • education of students: “to provide a university education for qualified students which (a) prepares them for useful careers in education, social service, business, industry, and the profession; (b) furnishes them with the opportunity to become effective members of the society; and (c) offers them an appreciation of their relation to their cultural, aesthetic and technological environments.” • service to our community: “to serve the greater community, with a primary emphasis on serving the greater miami and south florida area, in a manner which enhances the metropolitan area’s capability to meet the ecological, cultural, social and urban challenges which it faces.” • greater international understanding: “to become a major international education center with a primary emphasis on creating greater mutual understanding among the americas and throughout the world.” these founding goals continue to inform fiu’s mission and have directly influenced this strategic plan’s goals, pillars, and strategic focus areas.",Florida International University,1
487,"the fiu board of trustees has set a strong vision for the university and engaged in providing the support and resources required to acheive preeminence, and continue our trajectory of excellence.",Florida International University,0
488,i wish to express my thanks to the present and past board members for their contribution to our past successes and their dedication to ensure this plan is a success.,Florida International University,0
489,"during my tenure at fiu, i have seen our university community rise to meet every challenge and surpass every goal.",Florida International University,0
490,it is a testament to the strength of our mission and our commitment to providing an incredibly engaging experience for our students and ensuring that each of them succeed.,Florida International University,1
491,"i am proud to lead a university that has accomplished so much in its relatively brief history, becoming a leading public research university.",Florida International University,0
492,"during the past four years, fiu has been recognized as a leading national university by the wall street journal, us news & world report, and washington monthly; has been designated a preeminent state research university by the florida board of governors; has been the top performer in the state’s performance funding metrics in 2021, 2023, and 2024; and has entered into a transformational alliance with baptist health south florida.",Florida International University,0
493,we have accomplished this because of the strength of our collective impact.,Florida International University,1
494,"our faculty and staff are national leaders in their fields, recognized for excellence in teaching, research, and service, and have helped propel fiu into the top echelons of research universities.",Florida International University,0
495,through investing in the success of our stakeholders and in transformative research we are making an impact in individual lives.,Florida International University,1
496,"our experience impact 2030 strategic plan is focused on strengthening what we are already global leaders in, ensuring that we further enhance the fiu experience, research and commercialization, and strategic alliances.",Florida International University,0
497,fiu’s plan is built on the successes and accomplishments of previous strategic plans but has unique foci based on the university fiu is today with an eye toward the fiu of tomorrow.,Florida International University,0
498,these are areas that all our colleges and schools have a role and opportunity to lead in.,Florida International University,0
499,we are committed to leveraging our accomplishments and strategically redefining the role and impact of the public research university.,Florida International University,0
500,we are now widely recognized for the results of the first fifty years of our university’s history.,Florida International University,0
501,"we have leveraged new advances in technology, data-driven approaches, and research synergies to make fiu a preeminent university.",Florida International University,0
502,the vision for our new strategic plan builds on these successes and provides the framework for the accomplishments fiu will achieve in the next half-century.,Florida International University,0
503,"these committees engaged faculty, staff, students, alumni, donors, and community members, and were informed by robust discussion, debate, and data provided by the analysis and information management team to ensure data-driven decision making.",Florida International University,0
504,"experience impact 2030 is focused on expanding our accomplishments in student success, research excellence, national and international recognition, continued recognition as a leading hispanic-serving institution, leadership in the arts and culture, and dozens of leading initiatives addressing great challenges facing our global community, including: • building a preeminent fiu experience for all members of our university community; • developing a strong research excellence framework to leverage interdisciplinary opportunities and increase commercialization; • strengthening our robust strategic alliances with key anchor partners, including academic-industry partnerships with the key objective of economic growth and business sector development; and • expanding excellence and interdisciplinary collaboration through our strategic focus areas of environment & environmental resilience, health, and technology & innovation.",Florida International University,0
505,"elizabeth m. béjar provost, executive vice president & chief operating officer provost’s message s 4 florida international university • experience impact 2030 20 30 the foundation for our future success as a preeminent public research university, anchor institution, and driver of economic prosperity and social mobility, florida international university (fiu) is focused on student success, research excellence, forging strategic alliances, and community engagement.",Florida International University,1
506,"fiu is recognized as a carnegie r1 public research university committed to making an impact locally and globally by advancing innovations in the fields of environment and environmental resilience, health, and technology & innovation.",Florida International University,1
507,"we support the mission of the state university system (sus) of florida, especially in ensuring student success, research excellence, and the economic and social mobility of our citizens.",Florida International University,1
508,fiu’s focus on evidence-based learning outcomes and cutting-edge research has propelled our national rankings upward.,Florida International University,0
509,fiu values fiu statement of free expression fiu endorses the florida board of governors’ statement of free expression to support and encourage full and open discourse and the robust exchange of ideas and perspectives on our campuses.,Florida International University,1
510,"in addition to supporting this legal right, we view this as an integral part of our ability to deliver a high-quality academic experience for our students, engage in meaningful and productive research, and provide valuable public service.",Florida International University,1
511,"this includes fostering civil and open dialogue in support of critical thinking in and out of the classroom, including events hosted by the university.",Florida International University,1
512,"fiu mission florida international university is an urban, multicampus, public research university serving its students and the diverse population of south florida.",Florida International University,1
513,"we are committed to high-quality teaching, state-of-the-art research and creative activity, and collaborative engagement with our local and global communities.",Florida International University,1
514,"fiu vision florida international university will achieve exceptional student-centered learning and upward economic mobility, produce meaningful research and creative activities, and lead transformative innovations locally and globally, resulting in recognition as a top 30 public university.",Florida International University,0
515,"as a result, fiu will continue to deliver a leading return on investment for our students and serve as a model for other public institutions of higher education.",Florida International University,0
516,"to do this, we have anchored our 2030 plan with three strategic focus areas, while emphasizing our commitment to our mission through three foundational pillars.",Florida International University,1
517,"fiu will solidify our core mission and facilitate success of these focus areas through a deliberate concentration on three pillars: the fiu experience, research excellence, and strategic alliances.",Florida International University,1
518,"these strategic focus areas and pillars reinforce the unique value proposition that fiu will offer by ensuring that every fiu student has an opportunity to gain the knowledge, skills, and experience needed to excel in their career; that faculty and students have the ability to access and engage in cutting-edge research and creative activities; and that we will have the connected systems and infrastructure in place to support the scale of our strategic alliances.",Florida International University,0
519,we aim to ensure that all of our efforts are also providing maximum economic impact for the state of florida and our community.,Florida International University,1
520,"to achieve this vision, key commitments are embedded within each strategic focus area and pillar.",Florida International University,0
521,these include: experience impact 20 30 vision creating exceptional opportunities: fiu will focus on optimizing our dynamic innovative culture to build world-class academic and experiential opportunities.,Florida International University,0
522,leveraging evidenced-based outcomes and data-driven decision-making: fiu has achieved incredible success due to our commitment to delivering performance outcomes and understanding how to best utilize data to achieve those outcomes.,Florida International University,0
523,expanding our impact through investing in our community: fiu has always been dedicated to making an impact while creating a positive culture for members of our university community.,Florida International University,1
524,"fiu will continue to evolve with changes in technology and the world of work by ensuring that students, faculty and staff have the tools and resources to succeed.",Florida International University,0
525,"implementing a sustainable and agile infrastructure: building upon our history of “making it happen” and our institutional agility, we will provide financial, technological, and physical resources that prepare us for the challenges of the future.",Florida International University,0
526,"flexibility and organizational nimbleness have been, and will remain, assets to us.",Florida International University,0
527,"20 30 technology & innovation environment & environmental resilience health8 our broad and growing research base, increasing public and private alliances, and focus on experiential learning, particularly in our strategic focus areas, will continue to have significant impact on local and global communities.",Florida International University,1
528,fiu will confront the environmental challenges of our time with a focus on technological innovations.,Florida International University,0
529,we will be leaders in connecting the duality of human health and environmental factors.,Florida International University,0
530,we will be the model for 21st century public higher education.,Florida International University,1
531,"fiu will harness existing resources and direct new investments to continue our established leadership in these strategic focus areas; support groundbreaking research and innovation; promote advances arising from their intersectionality; and develop interdisciplinary approaches across all academic disciplines and programs, evidence-based learning outcomes, and other initiatives that promote the pillars of experience, research excellence, and strategic alliances.",Florida International University,0
532,"each college and school will be represented, whether through new and innovative academic programs or through the intentional collaboration on research innovation and creative works.",Florida International University,0
533,"the university is tackling societal challenges head-on, addressing extreme climate events and disasters that have the potential to cause more damage than ever, the rising costs associated with natural hazards, and critical issues such as everglades restoration, public health, environmental change, sustainable development, water quality, and clean energy solutions.",Florida International University,1
534,"we are located next to the everglades, the coast, and the only coral reef system in the continental u.s. we’re also at the center of hurricane activity.",Florida International University,0
535,"fiu, at the forefront of this research, will continue to lead relevant studies that produce solutions.",Florida International University,0
536,"we will contribute to science and its applications, from interdisciplinary teams researching the environment to our work with real estate developers, residents, industry and governmental entities examining the redevelopment of cities and the creation and implementation of new technologies.",Florida International University,1
537,"as a university of distinction in environmental resilience, fiu is reimagining resilience and investing in research and the development of new technologies, harnessing tools like the wall of wind, and developing new methods of environmental assessment, advanced storm surge models, and accelerated bridge construction.",Florida International University,0
538,"we will be recognized as the source for information, education, innovation, demonstration, real-world engagement, testing, and solutions.",Florida International University,0
539,"1. strategic focus area to achieve this goal, fiu will: • establish the biscayne bay campus as a major research hub for environmental and environmental resilience research.",Florida International University,0
540,"fiu’s strategy is to focus on “health at different levels.” we will make breakthroughs in population health, in closing health equity gaps, and in creating innovations that improve health outcomes.",Florida International University,1
541,fiu’s alliances with baptist health south florida and other healthcare systems is an opportunity to develop clinical training that will transform academic medicine.,Florida International University,0
542,"building on the development of successful partnerships and groundbreaking federal funding, the university is committed to constructing a cutting-edge academic health learning center.",Florida International University,0
543,"this will expand research capabilities with more lab space as well as allow students to learn advanced technologies like robotics, and foster faculty exploration in emerging areas such as artificial intelligence (ai), data science, and environmental ethics.",Florida International University,0
544,"in 2030, fiu will be a leader in researching the relationship between human health and environmental factors and leveraging innovative technology to improve health outcomes.",Florida International University,0
545,"to achieve this goal, fiu will: • recruit leading faculty to complement and augment fiu health.",Florida International University,0
546,investments in research faculty and clinical growth will focus on key healthcare areas and will include developing critical expertise in artificial intelligence (ai) and data science to accelerate bench-to-bedside research that will have significant impact in enhancing healthcare in the state of florida.,Florida International University,1
547,"• expand collaborative and interdisciplinary research and partnerships across fiu, focusing on basic health sciences that will lead to technological innovations.",Florida International University,0
548,"being at the forefront of technology innovation and adoption, and leveraging it to solve problems, is at the heart of innovation.",Florida International University,0
549,"all future careers, research, and areas of life will involve leveraging these advancements.",Florida International University,0
550,"fiu is well-positioned to address major societal challenges associated with cybersecurity, national security, artificial intelligence (ai), rapid technological shifts, and sustainable built infrastructure.",Florida International University,1
551,fiu is committed to harnessing the creative and technological potential within its walls to solve problems and make lives better.,Florida International University,1
552,"fiu is dedicated to forging strong ties with industry leaders, start-ups, and entrepreneurs to create a vibrant innovation ecosystem.",Florida International University,0
553,"translating groundbreaking research into practical, real-world applications will position fiu as a catalyst for economic growth, spawning new business opportunities and propelling technological advancement.",Florida International University,0
554,"as we look to the future, new methods of learning are essential, particularly in technology and innovation, which span all disciplines.",Florida International University,0
555,our proximity to the miami tech scene provides vast benefits for our students who will have the chance to gain real-world work experience while learning.,Florida International University,0
556,"as living labs, our campuses and the research led by our faculty, will be an environment more conducive to learning and creating, and will become the birthplace of many fiu innovations that will become commercialized to solve the problems of today and tomorrow.",Florida International University,0
557,"in 2030, fiu will be known for its investment in cutting-edge technology and research and for its commitment to industry-focused partnerships, viewed as the model for the value proposition for public higher education.",Florida International University,0
558,"to achieve this goal, fiu will: • invest and implement a solutions-centered framework around the university’s application of artificial intelligence, machine learning, data management, cybersecurity, and other cuttingedge applications across the academic and research enterprise.",Florida International University,0
559,"• strengthen industry-academy relations through: n the establishment of an industry fellows’ program to promote collaborations, grants, and partnerships focused on student success and integrating advancement in industry into the classroom.",Florida International University,0
560,"n the creation of an industry-focused applied research program to address industry challenges, provide access to experts, support student placement, and quickly respond to partner requests, with the necessary required compliance.",Florida International University,0
561,"in 2030, fiu will be a destination university for innovative education and cutting-edge research, an employer of choice, and leader in economic and societal impact.",Florida International University,1
562,we will continue to support and expand a culture in which the fiu community feels a sense of connection and is actively engaged in university life.,Florida International University,1
563,each member of our university has the agency to make a positive impact for everyone else in our community.,Florida International University,1
564,"students are our foundation, and we will provide an exceptional experience oriented for their holistic success by building sustainable, interconnected systems and infrastructure that support their journey from the moment they are admitted to the day they become successful, engaged alumni.",Florida International University,1
565,"exceptional experiences for our faculty and staff are vital to the success of our operations, laboratories, creative projects, and research pursuits.",Florida International University,0
566,"we will continue to invest in building and strengthening our community to ensure that a culture of affinity and excellence is visible in all we do, especially in energizing and engaging our alumni network with the university and for our current students.",Florida International University,1
567,"we are a thriving and vibrant community; when we work collaboratively and act in synchronicity, any goal we set our sights on is achievable.",Florida International University,1
568,goal 1: intentionall y design the student journey the student journey is the center of the fiu experience.,Florida International University,1
569,"demand for an fiu education will continue to rise, and we must continue to attract faculty and staff that will support our students’ educational journeys and provide them with the knowledge, innovative ethos, ethics, and resources necessary to succeed at fiu, in their careers, and in life.",Florida International University,1
570,"provide every student with an exceptional and seamless student success experience that gives them the knowledge, skills, and abilities they need to succeed.",Florida International University,0
571,"support growth of a vibrant and supportive campuslife focused on student engagement, events, and programming that build affinity and community.",Florida International University,1
572,• map the student journey to ensure students know how to engage in experiential learning and other high-impact practices.,Florida International University,0
573,"• enhance and expand student programming, activities, and organizations that engage students.",Florida International University,0
574,"20 30 goal 2: develop faculty and staff belonging that extends beyond colleges and centers the feeling of belonging, for both faculty and staff, is critical to fiu’s success.",Florida International University,1
575,faculty chose fiu as their academic home and are central to ensuring students have access to the leading minds in their fields.,Florida International University,0
576,fiu’s professional staff play an equally important role in ensuring that students are succeeding and supported during their journey.,Florida International University,0
577,creating an ethos of “one fiu” among faculty and staff is vital to elevating the fiu experience.,Florida International University,1
578,"• median wages • average cost to student • bachelor’s in areas of strategic emphasis • graduate degrees in strategic areas • receipt of national and international research awards and fellowships by faculty members • national academy memberships objectives support the pursuit of excellence and recognize achievements in teaching, learning facilitation, and service.",Florida International University,1
579,goal 3: strengthen the fiu community we will continue to invest in building and strengthening our community to ensure that a culture of affinity and service excellence is visible in all we do.,Florida International University,1
580,"this approach is not only focused on meeting the expectations of our students, parents, alumni, and guests, but through providing everyone with the best information about resources, opportunities, and events.",Florida International University,0
581,• invest in uniform and complementary systems that are designed to simplify and streamline user experiences.,Florida International University,0
582,"• top 75 overall/top 30 public universities, u.s. news & world report • washington monthly • wall street journal • degree choices • niche • forbes • princeton review • leadership for public purpose designation • community engagement designation • great colleges to work for designation • the impact rankings • partnerships for the goals • affordable and clean energy • life under water • life on land • clean water and sanitation • sustainable cities and communities • no poverty • zero hunger • good health and wellbeing related accountability metrics related rankings/designations16 florida international university • experience impact 2030 20 30 objectives enhance our comprehensive research support infrastructure both in terms of physical and human resources.",Florida International University,0
583,promote and facilitate interdisciplinary collaboration across colleges and research units by developing internal programs to support collaborative research.,Florida International University,0
584,• identify research funds to promote collaborative pilot studies in strategic focus area initiatives.,Florida International University,0
585,"goal 1: grow the research enterprise fiu will build its research enterprise by providing faculty with essential tools, laboratories, facilities, personnel, and resources to foster a productive research environment.",Florida International University,0
586,"to continue this growth, promoting and facilitating interdisciplinary collaboration through the integration of multiple perspectives and ideologies will lead to an increase in our capacity to address complex problems and develop innovative solutions.",Florida International University,0
587,"achieving continued growth will require that fiu invests in the recruitment and retention of faculty, doctoral students and postdoctoral fellows, but also provides access to experiential learning opportunities and undergraduate research.",Florida International University,0
588,"the mission of a public research university is shaped by a profound commitment to fostering an environment and culture where faculty, researchers and students are encouraged to pursue innovative research and creative endeavors.",Florida International University,1
589,"fiu will prioritize its research efforts and funding in investments in the strategic focus areas: environment & environmental resilience, health, technology & innovation.",Florida International University,0
590,"we will deepen our commitment to a robust, sustainable research infrastructure by providing the necessary resources to exceed $600 million in research expenditures by 2030. we will emphasize collaboration and invest resources in strategic focus areas and in research that transcends disciplinary and college boundaries.",Florida International University,0
591,we will build pipelines into key research areas for students to enter high-demand fields and introduce new technologies and approaches for commercialization and licensing.,Florida International University,0
592,"pillars goal 2: expand the impact of research through commercialization, licensing, technology transfer and industry partnerships external partnerships are crucial to research and innovation that address societal and scientific challenges.",Florida International University,1
593,"engaging industry, the local community, and international partners will be critical to expanding and amplifying the impact of faculty and student research.",Florida International University,0
594,"fiu is committed to advancing commercialization, licensing, and technology transfer goals by collaborating with corporate and private sector partners, local, state, and federal government, non-governmental organizations, and community organizations to translate research into real-world solutions.",Florida International University,0
595,• develop coordinated plan to engage all fiu industry-relations professionals to scale impact.,Florida International University,0
596,allocate resources and create/expand targeted faculty development programs to support research and innovation.,Florida International University,0
597,• recruit and hire research staff to support an expanded research portfolio.,Florida International University,0
598,"goal 3: expand fiu’s reputation for innovation and increase recognition for innovative research and creative works elevating and expanding fiu’s reputation for research and innovation is imperative, and this can be achieved through a comprehensive strategy to highlight fiu’s research achievements and target faculty development programs, as well as by establishing a university-wide faculty research recognition program.",Florida International University,0
599,"creating development programs in areas requiring collaborative and interdisciplinary research, such as population health, environmental resilience, and technology, is crucial.",Florida International University,0
600,these programs are particularly important to address challenges that need industry partnerships and to support faculty in navigating the complexities of commercialization and technology transfer.,Florida International University,0
601,"additionally, incorporating broad perspectives from the humanities and the arts will enhance the university’s research and innovation impact.",Florida International University,0
602,"• total research expenditures • non-medical science & engineering research expenditures • science & engineering research expenditures • research expenditures from external sources • nih awards • patents kpi • start-ups kpi • licenses and options executed kpi • ranking: top ranked utility patents • citations/publication metrics • receipt of national and international research awards and fellowships by faculty members • membership of fiu faculty within national academies (wm, bog kpi, bog preeminence) • doctoral degrees awarded • overall ranking in the higher education research and development (herd) survey • herd discipline specific rankings related accountability metrics related rankings/designations18 florida international university • experience impact 2030 20 30 the university’s dedication to collaboration is testimony to our recognition that together we can accelerate tangible impact.",Florida International University,1
603,"these transformative partnerships are integral to strengthening, growing, and amplifying fiu’s mission and goals.",Florida International University,1
604,"they are shaped by a profound commitment to meaningful and mutually beneficial interactions and outcomes with corporate and private sector partners, as well as with local, state, and federal government, non-governmental organizations, educational partners, and among fiu alumni and community organizations.",Florida International University,1
605,"objectives develop strategic alliances, including health-clinical alliances; and state, national and international alliances that support fiu’s mission.",Florida International University,1
606,"develop anchor institution partnerships in south florida that support the goals of our local counties, support our local alumni, and ensure our impact within miami-dade county.",Florida International University,0
607,develop a national model in academic-industry relations to support relationships with key strategic partners.,Florida International University,0
608,• formalize the structure for academic-industry relations to foster development of key initiatives to support student success and research.,Florida International University,0
609,"we must forge mutually beneficial strategic alliances that will advance strategic priorities, help meet our strategic plan goals, provide opportunities for current and future students, and benefit our alumni and local communities.",Florida International University,1
610,"pillars goal 2: integrate and align institutional resources and efforts establishing and sustaining transformational impact from collaborative research, industry, and strategic alliances is possible by connecting valuable partnerships with fiu’s mission, research, and student success goals.",Florida International University,1
611,"through interdisciplinary collaboration, we will be better partners and more able to drive clear, impactful outcomes to benefit the university, fiu stakeholders, and the community.",Florida International University,1
612,"this effort will require new and refined systems, processes, and programs that help us collaborate internally and externally by coordinating data, efforts, and outcomes in an intentional and strategic way.",Florida International University,0
613,"20 30 objectives develop and expand systems and infrastructure that support strategic alliances from origin through maturity, including the formalization of key partnerships to increase future capacity.",Florida International University,0
614,initiatives and investments • develop a working group to create the systems and tracking mechanisms that will support strategic alliances and key partnerships.,Florida International University,0
615,"intentionally embrace the uniqueness of the scale and location of fiu’s alumni population to complement goals and build institutional pride and momentum, which will help to position fiu as an internationally known educational and research institution.",Florida International University,0
616,• develop a committee to advise the alumni relations and student affairs units to best engage alumni across the student experience.,Florida International University,0
617,"goal 3: develop a university-wide culture of community leadership and engagement as a carnegie community engaged and leadership for public purpose-designated university, fiu is focused on robust engagement with communities where our faculty, staff, alumni and students are making an impact.",Florida International University,1
618,essential to our success is ensuring there is a widely understood definition of strategic alliances and a clear understanding of these partnerships and engagement initiatives.,Florida International University,0
619,"it is also critical that their creation, implementation, tracking and reporting is operationalized and uniform.",Florida International University,0
620,"it’s a dynamism that is unparalleled in the nation, and perhaps the world.",Florida International University,0
621,miami is also at the epicenter of major changes that will soon impact the nation: a growing population and its attendant challenges of caring for and creating community; adaptation to environmental disasters; and the building of cities that are resilient — both economically and environmentally.,Florida International University,1
622,"as the rest of the nation begins to confront the changes and challenges that we’re already meeting every day, they will be looking to us – miami’s public research university – for ideas and solutions.",Florida International University,1
623,we are connected to our community and responsive to its needs.,Florida International University,1
624,"we have grown and evolved at a record pace over the past 50 years, and we’re preparing for the next 50. in fact, we will set the pace.",Florida International University,0
625,"to ensure our students, faculty and community are ready for tomorrow, we are concentrating on our strategic focus areas: environment & environmental resilience because we need sustainable and resilient natural, built, and human environments – right here in south florida and around the world.",Florida International University,1
626,"there is no future career, research, or area of life that will not depend on it.",Florida International University,0
627,and we are committed to further excelling through our pillars: the fiu experience student & faculty + staff success.,Florida International University,0
628,"research excellence rigorous, respected research is how we generate practical, workable solutions for tomorrow’s problems today.",Florida International University,1
629,"these committees engaged faculty, staff and student leadership and were informed by robust discussion, debate, and data provided by the analysis and information management (aim) team to ensure data-driven decision-making.",Florida International University,0
630,"and in our region, there are eleven first nations communities as well as a growing indigenous urban population.",King’s University College,0
631,"i believe that king’s is a special kind of university, with a special purpose in the world that reflects its unique history and development as a pluralistic and inclusive community.",King’s University College,1
632,"this strategic plan has three core and mutually reinforcing strategic directions: inclusive studentcentered learning community, excellence in education and research, and mission-enabling culture and organization.",King’s University College,1
633,"we aim to build on our reputation for teaching excellence by continuing to develop innovative, programs and experiences that enhance accessibility and promote inclusive excellence in student learning.",King’s University College,1
634,we will promote teaching and research that synthesizes knowledge and experiential learning in pursuit of truth and impact in serving the common good.,King’s University College,1
635,"mission an engaged liberal arts university community in which our catholic character, catholic intellectual tradition, and commitment to reconciliation and equity inform unique learning experiences that promote critical thought, creativity, and articulate expression.",King’s University College,1
636,values person centred | community | inclusion | excellence | stewardship strategic directions mission enabling culture and organization • strengthen support for mission focused leadership • drive mission focused financial sustainability and operational excellence • grow and empower our people excellence in education and research • strengthen strategic enrolment management • grow existing and create new interdisciplinary program offerings • create a roadmap for king’s led research • partner for reconciliation and greater impactking’s strategic plan 2024-2029 renewing the promise: king’s 2030 page 7 vision a globally recognized educational leader in developing ethically grounded changemakers who serve the common good.,King’s University College,1
637,"king’s vision as an institution of higher learning is to nurture, develop, and share with the world the people who, through their actions, will be fearless in building just and right relationships in service to solving the most critical challenges facing our society.",King’s University College,1
638,"common good: king’s students, faculty, staff, and graduates are committed to building the social conditions in which all can realize their full potential.",King’s University College,1
639,"as a public catholic university, king’s provides a welcoming, diverse, and inclusive community that is animated by a spirit of generosity, mutual respect, and cultural dialogue.",King’s University College,1
640,"it is in this community that changemakers become equipped with the intellectual rigour, imaginative insight, and clarity of communication that enables them to speak “uncomfortable truths” about the nature and origins of the problems of our time and to make meaningful contributions to their resolution in service to the common good.",King’s University College,1
641,liberal arts university: a university that promotes the integration of knowledge and methods from different academic disciplines to provide students with the broad skill sets needed to navigate the complexities of a rapidly changing world.,King’s University College,0
642,equity: people do not have the same opportunities and face barriers.,King’s University College,1
643,we must work hard to dismantle those barriers to support the success of individuals.,King’s University College,1
644,person centred: we believe that accepting and supporting the whole person is essential to them realizing their inherent potential.,King’s University College,1
645,"inclusion: we embrace our responsibility to serve others by addressing systemic inequities, promoting human dignity, and advocating to support an environment where people feel they belong.",King’s University College,1
646,excellence: we provide opportunity to all people who are seeking to pursue truth and knowledge to solve the great challenges of our times.,King’s University College,1
647,"stewardship: we are ethical and accountable stewards of the human, financial and environmental resources entrusted to us.",King’s University College,1
648,"context this strategic direction was informed by the following insights from the strategic planning process: • community members stressed the need for king’s to be more intentional in maintaining and strengthening the value proposition of being a smaller university, including making it easier for students to understand, navigate and access the services available to support their success inside and outside the classroom.",King’s University College,0
649,"• there is a need to further enhance king’s students’ academic and professional journeys by strengthening post-graduation and career services and bringing greater depth and breadth to mentorship, experiential, and work and service integrated learning across all king’s degree program offerings.",King’s University College,0
650,• undertake a process to define and take measures to sustain the attributes that differentiate king’s value to serve students as a smaller sized university community.,King’s University College,1
651,"strategic goal: grow king’s career connections • optimize internal strategic capacity and resources to provide mentorship, experiential, and work and service integrated learning into all king’s degree program offerings.",King’s University College,0
652,"context this strategic direction was informed by the following insights from the strategic planning process: • the competition for enrolment, both domestically and internationally, is increasing within the postsecondary education sector due to public policy changes and the evolving needs of the job market.",King’s University College,0
653,"king’s needs to lean into its institutional strengths and be more strategic in attracting and retaining students to ensure that its growth is balanced across all its program offerings, while maintaining the small tight-knit educational experience for our students.",King’s University College,0
654,• king’s needs to be a place where students and faculty are encouraged and rewarded for being interdisciplinary.,King’s University College,0
655,"this is essential as the world is becoming an increasingly complex place that needs more people who can integrate their knowledge and methods from different academic disciplines to solve local, national, and global challenges.",King’s University College,1
656,• research is an important part of knowledge advancement and educational excellence for a university.,King’s University College,1
657,king’s efforts towards reconciliation need to be led in an informed and inclusive manner to ensure that it is building respectful and reciprocal long-term relationships for meaningful action.,King’s University College,1
658,strategic goal: partner for reconciliation and greater impact • develop and support an indigenous advisory group to guide king’s in learning about local first nation (and urban indigenous) community priorities and needs and take a treaty-based approach to building respectful and reciprocal long-term relationships that inform meaningful action.,King’s University College,1
659,"context this strategic direction was informed by the following insights from the strategic planning process: • it is integral to have king’s leadership aligned and mission focused to build a campus community where inclusion, belonging, affinity and connection drive excellence.",King’s University College,1
660,"• king’s, like other postsecondary institutions, faces considerable funding challenges and market competition, which is why king’s needs to develop an approach that takes a multi-year view of its planning processes, aligning resources to ambitions, and setting and holding itself accountable to measures of performance and success.",King’s University College,0
661,"our commitment and passion is what makes king’s an excellent place to learn, grow and thrive.",King’s University College,1
662,"support for king’s people in developing and sharing their talents is fundamental to the university’s success, and the success of its students.",King’s University College,1
663,"strategic goal: drive mission focused financial sustainability and operational excellence • develop and implement an operational transformation plan with third-party support to enhance king’s policies, processes, structures, technologies, and revenue and resource planning to better deliver on its mission and strategy.",King’s University College,1
664,how king’s works to implement this plan is the hard work that will put the strategy into action.,King’s University College,0
665,the king’s community is united and committed to advocating for this strategy and working together to prioritize the resources and guidance necessary to navigate the challenges to shared success.,King’s University College,1
666,"king’s leadership will clearly and consistently communicate across all levels of the organization so that everyone within the campus community understands their role in the implementation of this plan, and will bring the community together to foster an environment where every team member feels involved and valued.",King’s University College,1
667,"and king’s understands that accountability is essential to future success and leadership will be steadfast in monitoring and sharing king’s progress in delivering its strategy and remain adaptable, adjusting course as necessary to meet the plan’s goals.",King’s University College,0
668,"through the implementation of this plan, lakehead university has achieved many successes that are cause for celebration despite operating in a highly constrained environment.",Lakehead University,0
669,"the responses we received informed the development of draft themes, on which we are now seeking feedback.",Lakehead University,0
670,"sincerely, cathy tuckwell chair, board of governors lakehead university strategic theme: expanding student opportunity and success title expanding student opportunity and success overview over the next five years there is a significant opportunity for social and economic growth in the regions where lakehead operates.",Lakehead University,0
671,"however, both simcoe county and northwestern ontario face challenges in realizing these opportunities as their degree attainment rates are below the provincial and national average.",Lakehead University,0
672,"lakehead will support efforts to increase regional degree attainment rates and develop future changemakers by making high-quality degree-level programming, professional development and lifelong learning opportunities more accessible for students from all backgrounds.",Lakehead University,1
673,"achievement of this goal will require lakehead to lead cross-functional partnerships, innovative approaches to student engagement, program delivery, student supports and focused initiatives for indigenous populations.",Lakehead University,0
674,"aim expand the number of individuals who pursue and attain a university qualification in the regions lakehead serves objectives to meet our aim, we will: 1. widen university participation and degree attainment while maintaining exemplary academic standards 2. deliver high-quality programming with new ways to learn, making sure there’s a good mix of online and in-person options for students 3. provide a personalized student experience to help more students succeed at university throughout their educational journey 4. establish lakehead as a regional education centre for indigenous learners in northern ontario strategies strategies to support degree attainment: 1. enhance strategic enrolment management 1.1. develop and implement a renewed comprehensive strategic enrolment management plan 2. modernize program delivery 2.1. develop flexible, responsive approaches to degree-level programming across campuses 2.2. expand and strengthen non-traditional degree pathways 2.3. expand distance learning program options and supports for remote learners 2.4. ensure all students have experiential learning opportunities 2.5. expand non-degree programming 3. support indigenous participation 3.1. expand programming and partnerships to increase indigenous participation and success in university education 3.2. explore opportunities to broaden recognition of prior learning experience 4. expand access through community partnerships 1.1 continue to partner with school boards, colleges, universities and aboriginal institutes to support long term student outcomes 1.2 develop local philanthropic networks to support access to education metrics metrics: 1. the university participation rate in the regions served by lakehead 2. indigenous student enrolment at all levels of study 3. enrolment of under-represented student groups at all levels of study 4. number of graduates who participated in experiential learning during their undergraduate degree 5. seven-year graduation rate strategic theme: sustainable economic and community development and entrepreneurship title sustainable economic and community development and entrepreneurship verbiage as a strategic economic anchor, lakehead is integral to supporting regional economic stability and advancing the pursuit of future-oriented economic growth in northwestern ontario and simcoe county.",Lakehead University,1
675,"over the next 5 years, lakehead will be an active partner in advancing common priorities including emerging labour market needs, northern societal issues, sustainable resource extraction, and reconciliation through alignment of university resources and capabilities and collaborations with industry, municipal, community and indigenous groups.",Lakehead University,1
676,"in addition, through its commitment to validating indigenous contributions and initiatives throughout the institution and the curriculum, lakehead is making space for indigenous knowledge, modelling and inviting knowledge exchange for the betterment of society.",Lakehead University,1
677,"aim maximize lakehead’s positive regional economic and community impact objectives to meet our aim, we will: 1. propel regional economic transformation through people, place, innovation, and civic engagement 2. develop a skilled talent supply to support industry growth in northern ontario and simcoe county 3. advance regional economic development in partnership with indigenous groups 4. develop university-led entrepreneurial ecosystems tailored to local needs strategies strategies for maximizing regional impact: 1. strengthen industry and community partnerships 1.1. develop programs and research collaborations with local industries, community agencies, cultural groups, and indigenous partners to meet local labour market and community needs 1.2. align experiential and work integrated learning with local employer needs to help address local issues and support student career transitions 1.3. actively participate in regional innovation clusters in simcoe county and northwestern ontario 1.4. establish strong local partnerships in support of advancing shared community goals 2. enhance academic and research capacity 2.1. expand the lakehead orillia campus to deliver expanded academic programs, research opportunities, student supports goals 2.2. develop a stem hub in barrie 2.3. build and expand collaborations with other education providers to deliver joint and interdisciplinary programs aligned to regional demands 2.4. attract highly skilled international learners and researchers to lakehead 3. leverage alumni and global expertise 3.1. engage lakehead’s vast alumni network to connect global expertise with local initiatives 4. promote economic development and innovation 4.1. maintain the university economic development association innovation and economic prosperity designation in support of regional economic development 4.2. renew the university’s commercialization strategy metrics indicators of success include: 1. lakehead’s economic impact 2. the number of graduates with work integrated learning experience 3. lakehead’s graduate employment rate 4. the cumulative number of international students studying at lakehead 5. the number of graduates who stay in the local regions served by lakehead upon graduation 6. commercialization and entrepreneurship activity strategic theme: advancing our societal impact title advancing our societal impact verbiage many of the grand challenges facing the world today including access to education, poverty, climate change, access to clean water and indigenous truth and reconciliation have a local dimension in northern ontario and simcoe county.",Lakehead University,1
678,"through innovative academic programming, focused research and scholarly activity, lakehead’s talented faculty, researchers, administrators, and students are uniquely positioned to help address these significant societal challenges.",Lakehead University,1
679,"by embracing an enhanced civic role that includes sharing of resources, knowledge and expertise, lakehead will forge stronger partnerships with all levels of government, industry, indigenous groups, and global partners with the goal of co-creating solutions for the betterment of society.",Lakehead University,1
680,"aim advance solutions to grand challenges affecting society through quality research and scholarly activity objectives to meet our aim, we will: 1. continue to lead lakehead's truth and reconciliation efforts in post-secondary education through partnerships with indigenous communities 2. position lakehead as a local and global leader in sustainability, climate leadership, social justice, and indigenous education 3. co-create solutions to grand societal challenges through innovative, integrated partnerships 4. continue to be a trusted source of quality research and scholarly activity strategies strategies for advancing place-based leadership and partnerships: 1. deliver academic and research excellence reflecting regional needs 1.1. deliver academic programs and conduct research, creative and scholarly activity that address social and environmental priorities unique to the regions served by lakehead 2. champion indigenous worldviews and partnerships 2.1. expand indigenous content, teachings, and ways of knowing across academic and non-academic programs 2.2. establish dedicated, centralized spaces on lakehead campuses that better support indigenous teaching, learning, research, cultural activities and archiving 2.3. partner with local first nations, indigenous groups, and all levels of government to establish a centralized cultural gathering place in thunder bay 2.4. support indigenous-led initiatives 2.5. collaborate on becoming a major repository of archeological heritage 3. co-create solutions through civic partnerships 3.1. lead collaborations with local municipalities and civic partners to define shared priorities and develop action plans to achieve common goals for the betterment of society 4. advance sustainability leadership 4.1. develop a regional knowledge hub to share research and emerging practices addressing major societal challenges, including truth and reconciliation, climate leadership and sustainability 4.2. develop and implement a refreshed sustainability plan, including a long-term vision for lakehead in a post-carbon world metrics indicators of success include: 1. lakehead’s societal impact 2. the research impact of the university 3. the number of active indigenous partnerships 4. the number of multi-stakeholder partnerships designed to accelerate progress in achieving the united nations sustainable development goals strategic theme: people and culture (previously: people, systems and culture) title people and culture verbiage the people at lakehead are at the core of its ability to deliver high-quality education, conduct research, creative and scholarly activity, and engage with the community.",Lakehead University,1
681,"over the next five years, lakehead will continue to rely on excellent faculty and staff to advance its priorities and recognizes the importance of providing an excellent employee experience to achieve these goals.",Lakehead University,0
682,this requires not only ongoing alignment across all functions of the university but also development of an employee-focused culture that is equipped to support the university’s civic role and to drive innovation across the entire institution.,Lakehead University,1
683,"aim establish lakehead as a top employer objectives to meet our aim, we will: 1. realize a positive, aligned and purpose-driven lakehead culture across all campuses 2. establish lakehead as a recognized employer of choice in the regions served by the university 3. make meaningful progress towards decolonization and indigenization of the institution strategies strategies for strengthening the lakehead community: 1. enhance talent development and retention 1.1. develop and implement an iterative strategic talent management plan with a focus on succession planning and career development 2. cultivate lakehead’s culture 2.1. focus on cultivating a shared lakehead culture across campuses 3. prioritize workplace wellness and well-being 3.1. implement a refreshed wellness strategy for the university community 4. advance equity, diversity and inclusion (edi) 4.1. implement a refreshed equity, diversity, and inclusion action plan to promote a more equitable and inclusive environment 4.2. conduct a policy review within the context of universal design, equity, diversity and inclusion, decolonization, and sustainability metrics indicators of success include: 1. improved employee engagement 2. the number of indigenous faculty and staff 3. the number of racialized faculty and staff strategic theme: financial sustainability title financial sustainability verbiage amid growing complexity and fiscal constraints, lakehead is committed to building a strong, resilient, and financially sustainable institution that can withstand economic downturns, shifts in funding policies, and demographic changes.",Lakehead University,1
684,"by securing its financial sustainability, lakehead will reinforce its capacity to fulfill its role as a civic university advancing regional educational, social and economic priorities while enhancing the well-being of northwestern ontario and simcoe county.",Lakehead University,1
685,achieving this goal requires ongoing operational efficiencies and improvements that drive transformative change across the institution combined with innovative revenue strategies that support the university’s mandate.,Lakehead University,0
686,"aim ensure lakehead’s long-term financial sustainability objectives to meet our aim, we will: • sustain the financial health of the university • achieve operational efficiencies through integrated planning, strategic decision making and digital transformation • advance the development of a strengthened model for universities in northern ontario strategies strategies for financial sustainability and strategic growth: 1. strengthen financial sustainability 1.1. advance the work of the president’s advisory committee on financial sustainability 1.2. develop and sustain operational and capital budgets at a level to sustain lakehead by: a. increasing enrolment b. diversifying revenue streams beyond government grants and regulated tuition c. realizing operational efficiencies through process redesign, digital transformation, and functional reviews of internal structures d. continuing the implementation of lakehead’s philanthropic campaign plan 2. enhancing strategic planning and budgeting 2.1. implement a revised integrated planning and budgeting model to promote strategic alignment and operational transparency 2.2. advance the development and implementation of an iterative campus plan 3. advocate for a northern ontario university model 3.1. collaborate with partner organizations and the government to inform and develop a strengthened model for universities in northern ontario metrics indicators of success include: 1. increased enrolment 2. lakehead’s financial health metrics 3. the proportion of operating funding that originates from non-governmental sources 4. the total amount raised by 2030 will be in alignment with the philanthropic campaign plan",Lakehead University,0
687,"as we now share this strategy and vision for the future, we are building from a global reputation for excellence in teaching, research, and public engagement in the social sciences.",LONDON SCHOOL OF ECONOMICS STRATEGY,0
688,"nonetheless, wide consultation with staff, students, alumni and friends of lse has confirmed an unequivocal ongoing commitment to the original vision for lse as: a community of people and ideas, founded to know the causes of things, for the betterment of society .",LONDON SCHOOL OF ECONOMICS STRATEGY,1
689,"lse’s brand is globally respected and a powerful draw for students, staff and partners.",LONDON SCHOOL OF ECONOMICS STRATEGY,0
690,"building on this, our vision for lse 2030 sets ourselves a challenging level of ambition in leveraging lse’s considerable expertise to ensure that - through our research, through the graduates we shape, and through our collaborations locally, nationally and globally - we are: the leading social science institution with the greatest global impact.",LONDON SCHOOL OF ECONOMICS STRATEGY,0
691,"our guiding principles excellence built from diversity and inclusion lse’s outstanding strength is the international diversity of its staff and students, drawing on talents and perspectives from all places and all backgrounds.",LONDON SCHOOL OF ECONOMICS STRATEGY,1
692,"all that we do will reflect the importance we place on equity, diversity and inclusion, ensuring that lse is a stimulating and supportive environm ent for work and study, and recognised as a place for serious debate where diverse viewpoints are respectfully but rigorously contested.",LONDON SCHOOL OF ECONOMICS STRATEGY,1
693,"higher education is experiencing unprecedented change in policy, regulation, funding and competition, whilst also needing to respond to political instability, changing labour markets and careers.",LONDON SCHOOL OF ECONOMICS STRATEGY,0
694,"in steering a course through turbulent times, lse will maintain a clear focus on quality rather than quantity.",LONDON SCHOOL OF ECONOMICS STRATEGY,0
695,"we will maintain our distinctiveness as a specialist and world-leading social sciences institution, striving always for excellence in both education and research, and robustly evaluating our own practices to ensure a culture of continuous improvement.",LONDON SCHOOL OF ECONOMICS STRATEGY,0
696,"we will broaden access to an lse education through an expanded programme of education and skills for life, including summer schools, executive education, blended and online opportunities, and will not seek to grow our resident student population above 12,000 full time students.",LONDON SCHOOL OF ECONOMICS STRATEGY,1
697,faculty quality is key to delivering excellence in education and research.,LONDON SCHOOL OF ECONOMICS STRATEGY,0
698,"we will continue to invest time, effort and resources into recruiting, developing, supporting and retaining outstanding faculty from across the globe, and we will do so with a particular focus on diversifying the composition of our faculty.",LONDON SCHOOL OF ECONOMICS STRATEGY,1
699,"but we can, and we will, do more to enable wider access to an lse education, to reach further and inspire more people through our research, and to deliver meaningful benefit to individuals and communities in all parts of the world.",LONDON SCHOOL OF ECONOMICS STRATEGY,1
700,"lse will continue to work tirelessly to address these challenges through research, education, public engagement and our own campus operations.",LONDON SCHOOL OF ECONOMICS STRATEGY,0
701,lse has a proud history of defending intellectual freedom and upholding the standards of rigorous and informed debate.,LONDON SCHOOL OF ECONOMICS STRATEGY,1
702,"in this age where the value of higher education and experts in general is being called into question, and where opinions are being formed on the basis of rhetoric rather than evidence, lse will lead the way in upholding the rigorous standards of evidence-informed analysis and debate, and securing the future of social sciences.",LONDON SCHOOL OF ECONOMICS STRATEGY,1
703,our financial plan and funding principles together provide a robust and transparent framework within which we make informed choices about how we use our financial resources.,LONDON SCHOOL OF ECONOMICS STRATEGY,1
704,"through this framework, we will ensure a financially sustainable future for lse by broadening and expanding our educational offer and exploring new opportunities through research, entrepreneurship and digital innovation.",LONDON SCHOOL OF ECONOMICS STRATEGY,0
705,"philanthropy will be integral to our efforts, as it has been since our founding, and the visionary support and generosity of alumni and friends continues to enhance every aspect of lse life.",LONDON SCHOOL OF ECONOMICS STRATEGY,1
706,"our students thrive in an international, research-rich culture, where excellence is built from diversity and respectful challenge.",LONDON SCHOOL OF ECONOMICS STRATEGY,1
707,"as our first strategic priority, we commit to listening to student voices and feedback through student surveys, and working closely in partnership with students, to develop an educational offer for 2030 and beyond and ensure a more consistently excellent student experience.",LONDON SCHOOL OF ECONOMICS STRATEGY,1
708,"1.1 education for 2030 and beyond lse students will have agency in their own learning, charting a personal trajectory through a diverse range of courses and assessments, while building a coherent, holistic picture of their disciplines(s).",LONDON SCHOOL OF ECONOMICS STRATEGY,0
709,"we will involve lse students with the school’s outstanding research culture, through embedding enquiry-based learning and research practice at all levels of the curriculum including through the effective application of cuttingedge digital technologies.",LONDON SCHOOL OF ECONOMICS STRATEGY,0
710,we will enhance and expand the innovative lse 100 programme to enable lse undergraduates to work as critical investigators in interdisciplinary teams to tackle complex social questions.,LONDON SCHOOL OF ECONOMICS STRATEGY,0
711,"we will challenge lse students to develop their ethical awareness, to learn to persuade and not to silence, and to engage in robust but respectful debate with diverse views.",LONDON SCHOOL OF ECONOMICS STRATEGY,1
712,"we will provide our faculty with the support and advice required to become and remain excellent educators and we will recognise, celebrate and reward excellence in education.",LONDON SCHOOL OF ECONOMICS STRATEGY,0
713,"1.2 students as agents of change we will ensure lse students have opportunities to innovate and drive meaningful change within the school through the flagship lse change makers programme, delivered in partnership with lse students’ union.",LONDON SCHOOL OF ECONOMICS STRATEGY,1
714,"we will support lse students to create and produce diverse outputs, showcase their learning externally, develop skill in engaging with communities, and be recognised for what they contribute to the world even as they study.",LONDON SCHOOL OF ECONOMICS STRATEGY,1
715,"we will equip lse students to develop successful careers, graduating with the analytical skills, digital fluency, cultural awareness and entrepreneurial confidence to recognise opportunities and lead change for the betterment of society in their diverse communities and professions.",LONDON SCHOOL OF ECONOMICS STRATEGY,1
716,"1.3 an inclusive student experience we will celebrate the exceptional diversity of our student community, and will ensure this diversity is reflected in a n inclusive curriculum that recognises a variety of perspectives, experiences and cultural norms.",LONDON SCHOOL OF ECONOMICS STRATEGY,1
717,"we will foster a strong sense of community and belonging by connecting students across cohorts and departments, through mentor schemes, peer study groups, student societies and events, and common rooms in every department, to ensure that all students feel that they are valued members of our scholarly community.",LONDON SCHOOL OF ECONOMICS STRATEGY,1
718,"we will provide holistic and comprehensive support for every student, with c onsistently excellent student services and a focus on student wellbeing.",LONDON SCHOOL OF ECONOMICS STRATEGY,1
719,"we particularly recognise the importance of a student’s early experiences at university for their long term success, and will curate a student-centred induction experience, including a place for every first year student in an lse residence.",LONDON SCHOOL OF ECONOMICS STRATEGY,0
720,"we will continue to build on our sector-leading efforts to widen access from across the uk as well as globally, to ensure the best students can benefit from an lse education at all levels, regardless of their means or background.",LONDON SCHOOL OF ECONOMICS STRATEGY,1
721,we will significantly increase financial and other support for students and work in partnership with other institutions to better understand and effectively address systemic inequalities and differential attainment.,LONDON SCHOOL OF ECONOMICS STRATEGY,1
722,1.4 education and skills for life we will expand our educational offer to support our alumni and other professionals in refreshing and adapting their knowledge and skills as needed through evolving careers.,LONDON SCHOOL OF ECONOMICS STRATEGY,0
723,"whether taking the first steps after graduation, developing a career, leading a business or enjoying retirement, we will offer a continuum of ongoing learning opportunities in the form of short courses, summer schools and executive education programmes that enable our wider community to keep returning to lse - physically and remotely - throughout their lives.",LONDON SCHOOL OF ECONOMICS STRATEGY,0
724,"the school has a reputation for being international, interdisciplinary, issue-oriented and pioneering in the development of new methodologies and disciplines , and our researchers are world-leading thinkers on critical issues, in keeping with our founding purpose of knowing the causes of things for the betterment of society.",LONDON SCHOOL OF ECONOMICS STRATEGY,1
725,"today the social sciences and evidence-informed expertise are needed more than ever to understand how the world is changing, and the effects of rapid technological developments, challenges to our economic and political systems, and social concerns such as ageing and wellbeing.",LONDON SCHOOL OF ECONOMICS STRATEGY,1
726,"as our second strategic priority, we commit to building on our research strengths to take a leading role in securing and shaping the future of social sciences, by robustly evaluating and articulating the value of our disciplines, developing the next generation of thought-leaders, deepening and broadening our real-world impact, and convening influential people across different sectors to tackle complex issues.",LONDON SCHOOL OF ECONOMICS STRATEGY,1
727,2.1 world-class research in the social sciences we will maintain our position as the leading specialist social sciences institution and continue to invest in a broad disciplinary base and vibrant research environment across and between all departments to enable diverse research activity.,LONDON SCHOOL OF ECONOMICS STRATEGY,0
728,"we will provide our faculty with the funding, support and career development guidance required to become and remain internationally renowned researchers who create world-leading publications and impact.",LONDON SCHOOL OF ECONOMICS STRATEGY,0
729,we will also build on the success of the lse beveridge 2.0 commission to champion and curate cross-cutting research themes aligned to the un’s sustainable development goals.,LONDON SCHOOL OF ECONOMICS STRATEGY,1
730,"we will bring together academics, students, alumni, practitioners, partners and the wider public to focus on key social and economic issues at the local, national and global levels, including: health & wellbeing; social cohesion & prosperity; cities & communities; climate & sustainability; firms, markets & economies; governance, justice & democracies; and technology, innovation & entrepreneurship.",LONDON SCHOOL OF ECONOMICS STRATEGY,1
731,"we will support and promote these themes through the annual lse f estival, philanthropic contributions, targeted incentives and support for impact and public engagement activities.",LONDON SCHOOL OF ECONOMICS STRATEGY,0
732,"we will strengthen our focus on developing the social scientists of the future, by enhancing phd training across the school, growing our phd cohort with an emphasis on diversity, and increasing the number of studentships and associated financial support.",LONDON SCHOOL OF ECONOMICS STRATEGY,1
733,"we will develop a stronger and integrated framework of support for postdoctoral and early career researchers, including enhanced access funding.",LONDON SCHOOL OF ECONOMICS STRATEGY,0
734,"2.2 lead and sustain the social sciences we will continue to demonstrate and advocate for the value of social sciences, and work to ensure our disciplines are appropriately recognised, evaluated and funded, including via national quality frameworks for research, education, public engagement and impact.",LONDON SCHOOL OF ECONOMICS STRATEGY,1
735,"we will work tirelessly to sustain and strengthen the social sciences by convening and engaging leading researchers from across the world, actively championing diversity and inclusion of different voices and viewpoints , and upholding the highest standards of rigorous enquiry.",LONDON SCHOOL OF ECONOMICS STRATEGY,1
736,"in the face of serious challenge to the research environment through our changing relationship with europe and the uncertain future of national funding, we will work to secure sustainable funding for social sciences research by diversifying our income.",LONDON SCHOOL OF ECONOMICS STRATEGY,0
737,"we will do this through strengthening a culture of fundraising, enhancing support for external grant-raising, and growing our research commercialisation and consultancy activities.",LONDON SCHOOL OF ECONOMICS STRATEGY,0
738,"2.3 shape the world’s political, economic and social future we will work in partnership to deepen and broaden lse’s impact and contribution to the betterment of society, connecting international interests and relationships around the world through issue-oriented research and evidencebased interventions.",LONDON SCHOOL OF ECONOMICS STRATEGY,1
739,"we will review and refresh our strategic partnerships, building on the strength of our presence in london, connections with government and policy-makers, alumni networks and institutional partnerships with prestigious universities around the world to extend our influence and cultivate new relationships with the private sector.",LONDON SCHOOL OF ECONOMICS STRATEGY,0
740,we will support and enable collaboration across disciplines both internally and externally to address complex global issues.,LONDON SCHOOL OF ECONOMICS STRATEGY,1
741,"we will work with natural sciences disciplines to ensure the economic, political, ethical, legal and social dimensions of all research are fully considered, and to increase the collective positive impact of both the natural and social sciences for the betterment of society.",LONDON SCHOOL OF ECONOMICS STRATEGY,1
742,2.4 convene the world in and from london we will create a global hub with world-class digital and physical facilities to engage the world in and from london.,LONDON SCHOOL OF ECONOMICS STRATEGY,0
743,"we will leverage the strength of our reputation and our unrivalled global network to engage thought-leaders and world leaders, building on our renowned public lecture programme and award- winning lse iq podcast to establish lse as the global convenor of influential debates on critical issues.",LONDON SCHOOL OF ECONOMICS STRATEGY,0
744,"it is core to our identity that we nurture a vibrant, open and inclusive environment where individuals from diverse backgrounds are able to share a sense of belonging, purpose and opportunity.",LONDON SCHOOL OF ECONOMICS STRATEGY,1
745,"as our third strategic priority, we commit to supporting the development of all our staff, strengthening and enhancing the supporting services and infrastructure across the school to enable the whole lse community to thrive and perform at their best, and ensuring we continue to attract the highest quality researchers, educators and professional services staff from around the world.",LONDON SCHOOL OF ECONOMICS STRATEGY,0
746,"3.1 invest in developing all our staff we will curate an integrated and holistic framework for supporting all staff to thrive in their working lives and professional development, with a focus on staff voice, community and wellbeing.",LONDON SCHOOL OF ECONOMICS STRATEGY,1
747,we will develop a healthy workplace charter and launch a digital staff hub to enable easier access to support services and opportunities.,LONDON SCHOOL OF ECONOMICS STRATEGY,0
748,"we will invest in developing the talents of all our researchers, educators and professional service staff, with funding for training and individual learning accounts to empower staff with agency in their own development, including opening up staff access to lse’s academic programmes.",LONDON SCHOOL OF ECONOMICS STRATEGY,1
749,"we will also support staff to develop as teams, developing departmental clusters and communities of practice to support and enable collaborative and coordinated ways of working, peer learning , and the sharing of good practice.",LONDON SCHOOL OF ECONOMICS STRATEGY,0
750,"3.2 engage our alumni, friends and partners we will nurture lifelong relationships with lse alumni, friends and partners which are rewarding to them at every stage of life, with access to the school’s intellectual capital and expertise and a range of opportunities to stay actively involved and contribute to the life of the school.",LONDON SCHOOL OF ECONOMICS STRATEGY,0
751,"we will launch a digital alumni hub to complement the new physical alumni centre opening in 2019, and we are developing plans for a welcome centre to ensure our campus feels friendly and accessible to all visitors.",LONDON SCHOOL OF ECONOMICS STRATEGY,1
752,"building on the reputation of our existing channels such as lse connect, alumni echo, lse player and lse thinks, we will continue to develop tailored communications to engage our diverse communities and audiences.",LONDON SCHOOL OF ECONOMICS STRATEGY,0
753,"3.3 champion equity, diversity and inclusion lse is committed to championing equity, diversity and inclusion, both internally by building a school community where everybody’s contribution is valued, and in addressing broader societal challenges.",LONDON SCHOOL OF ECONOMICS STRATEGY,1
754,"in line with our public sector equality duty, we will continually assess the impact of our processes and procedures to identify and mitigate differential impacts and potential inequalities.",LONDON SCHOOL OF ECONOMICS STRATEGY,1
755,"we will invest in school-wide resources and support to advance diversity of staff and student recruitment, promote inclusive staff and student experience, address systemic differences in student attainment and career progression, and ensure supportive policies are in place to foster equitable and inclusive working practices.",LONDON SCHOOL OF ECONOMICS STRATEGY,1
756,"we will work to embed the values of our ethics code and effective behaviours framework across the school, with robust support mechanisms for reporting and addressing inappropriate behaviours.",LONDON SCHOOL OF ECONOMICS STRATEGY,1
757,"3.4 invest in a world-class environment we are committed to providing a world-class campus for our community, investing over £300 million in capital development over the next decade.",LONDON SCHOOL OF ECONOMICS STRATEGY,0
758,"the new centre buildings will open in 2019, bringing new life to the heart of our campus with state-of-the-art teaching, learning and social spaces and a central plaza to complement the wonderful green space of lincoln’s inn fields.",LONDON SCHOOL OF ECONOMICS STRATEGY,0
759,"the marshall building will follow in 2021, providing a new home for the departments of management, accounting and finance as well as further teaching spaces, a sports centre and arts facilities.",LONDON SCHOOL OF ECONOMICS STRATEGY,0
760,"we are also working on plans to create a world-class conference and education facility in the recently acquired 35 lincoln’s inn fields building, and a public realm plan to improve the overall campus environment.",LONDON SCHOOL OF ECONOMICS STRATEGY,0
761,"we are equally committed to providing a world-class digital environment, and we are developing a framework for technology to help us meet our ambition of being sector-leading in data and systems, with transformation programmes across education, student experience, research and our corporate services.",LONDON SCHOOL OF ECONOMICS STRATEGY,0
762,"we will continue to champion sustainable design and practices across our estate, cut our carbon emissions, improve recycling rates and reduce waste, buy ethically, engage our community on sustainability issues, and exert our influence with investment fund managers to comply with the un’s principles for responsible investment and perform better on environment, social and governance issues.",LONDON SCHOOL OF ECONOMICS STRATEGY,1
763,"3.5 enable and sustain change we will embed the concept of freedom within a framework as an organising principle across the school to connect and harmonise our activities in support of shared goals, streamlining and strengthening administrative processes and driving more consistent quality of delivery across the school, whilst empowering staff to innovate and lead change.",LONDON SCHOOL OF ECONOMICS STRATEGY,1
764,"we will draw on our strengths in data analysis to generate decision-ready insights and robustly evaluate our own activities, and strengthen our transformation capabilities and capacity to effectively deliver susta inable change.",LONDON SCHOOL OF ECONOMICS STRATEGY,0
765,"pillar one: fostering student transformation 1.1 create and sustain high quality, rigorous, and competitive academic programs that serve student needs and continue to elevate the institution’s reputation 1.2 increase engagement through participation in an expanded range and variety of campus experiences and support activities available to students 1.3 identify and craft signature transformative student experiences that contribute to a distinct identity for the university across both curricular and cocurricular programming 1.4 leverage new services and technologies to ensure timely completion of degrees 1.5 expand programs and services that improve students’ opportunities for life-long success and engaged citizenship, and increase the university’s commitment to their continued relationship as alumni 1.6 increase awareness of the university’s identity and impact, and enhance its reputation pillar two: growing through diversity and access 2.1 capitalize on the historic strength of diversity in the institution and continue to grow that strength as the state increases its diversity 2.2 reaffirm and maintain the university’s long-standing commitment to affordability 2.3 ensure that the university provides full access, for students, alumni, faculty and staff to all activities that make the university an engaging community 2.4 assure that the university’s diversity, inclusiveness and provision of affordable access to excellence are conveyed clearly and consistently.",Montclair State University,1
766,"it will provide students with a welcoming, supportive and responsive student experience that enables post-graduate success.",Montclair State University,1
767,"it will continue to be affordable and accessible, acclaimed for its research contributions, locally valued for its community and business partnerships, fiscally sound and nimble in its business practices, and diverse in its students and employees.",Montclair State University,1
768,"this journey helped us understand our history, values, and accomplishments; our place in higher education in the state, region, and nation; and the ways we have been successful in moving the university from its inception more than 110 years ago to today.",Montclair State University,0
769,the process enabled a rich and broad reflection of the pathway of change that has brought us to the current day.,Montclair State University,0
770,"“ the process enabled a rich and broad reflection of the pathway of change that has brought us to the current day.” montclair state university strategic plan 2025 3 vision for student success building on the successes of its previous plan, connecting to tomorrow: vision, creativity, adaptability, montclair state university will found its new plan on three guiding “pillars” or themes, each pointing toward and promoting student success at every level of the institution: fostering student transformation; growing through diversity and access; discovery and application of knowledge.",Montclair State University,1
771,student success will be supported by the interconnections and interactions of these three pillars.,Montclair State University,0
772,"these drivers of effort will help us to focus our attention, commit resources, develop strategies and tactics to achieve preferred outcomes, and measure evidence of our successes.",Montclair State University,0
773,montclair state is justly proud of its proven ability to deliver the highest quality education at a price that is among the most affordable in the region.,Montclair State University,1
774,"this plan will sustain and strengthen that value proposition by enhancing even further the quality of the student experience and learning outcomes, by increasing revenue generation from diverse sources, and by positioning montclair state university as an institution of choice for talented students from new jersey and beyond.",Montclair State University,0
775,"in light of the growth in academic programs, facilities, research and enrollments under the previous plan, the university will focus its resources to support student success in a future characterized by mobility and change.",Montclair State University,0
776,"through synchronization of our human resources and expanded data systems, we will both motivate student intellectual development and catch at-risk students before they fail, enabling us fully to live up to the hallmark “small college” feel that has made this large university the institution of choice for generations of new jersey families.",Montclair State University,1
777,"and finally, our dedication to our graduates will be life-long, supporting them with career services, networking and continued learning opportunities throughout their careers, and making montclair state university their permanent partner for success.",Montclair State University,0
778,"“ student success, defined both within the montclair state university experience and following graduation, is our unifying intention.” montclair state university strategic plan 2025 4 an entrepreneurial strategy underlying the pillars, strategies and success measures is a single aspiration: to be ceaselessly innovative and demonstrably effective in every process that will improve academic quality, promote student success and augment institutional communication and efficiency.",Montclair State University,0
779,"american higher education has experienced several periods of significant change, similar to what, today, is referred to as disruption.",Montclair State University,0
780,"in the past, institutions that were established primarily for the training of teachers and support of agriculture were transformed into institutions providing educational programs in a wide range of professions.",Montclair State University,0
781,"the current time is also a period of change, and, as montclair state has grown and transformed itself to meet the changing needs of society throughout its history, it will continue to do so by drawing on its energized entrepreneurial spirit, prepared to seize the new day with yet unseen and unknown opportunities, while staying true to its fundamental values and never failing to place student success as its foremost goal.",Montclair State University,1
782,"the university has been and will continue to be both nimble and thoughtful in making the continuing adjustments essential to maintaining its vital relevance for both transmitting cultural traditions, creating new knowledge, meeting emerging market demands, and serving the higher education needs of an evolving world.",Montclair State University,1
783,"this entrepreneurial attitude will speed up time-tables and require alertness, excellent communication, and collaboration across divisions.",Montclair State University,0
784,"this responsive, change-ready culture will be transformative, enabling timely creation of new programs and strategies supported by data and the timely recycling of other programs and strategies that are unsupported by student demand or university mission.",Montclair State University,1
785,"analytics already in production and reaching across university divisions will arm leaders and innovators with methods for evaluating initiatives for their effectiveness, value, and resource allocation.",Montclair State University,0
786,"ideas, programs, and initiatives will rise with their successes, and the people who invent and promote them will understand their responsibility to plan strategically and shrewdly while also understanding that every innovative idea, program, or initiative will not flourish and those that fail following our best efforts must be promptly discarded.",Montclair State University,0
787,"these values -- innovation, creativity, efficiency, and data-informed decision making -- are characteristic of vital institutions and compatible with flourishing careers.",Montclair State University,0
788,"“ drawing on our energized entrepreneurial spirit, montclair state will seize the new day with its yet unseen and unknown opportunities.” pillar one fostering student transformation montclair state university strategic plan 2025 6 pillar one: fostering student transformation the university’s branded student experience will provide all students with well-resourced educational, co-curricular, and student life experiences that transform their concepts of individual potential and prepare them successfully to engage and excel in careers that benefit and contribute to society; that are fully aligned with their personal goals and talents; that develop professional expertise and the capacity for life-long learning and that establish lifelong connections with their peers, the community and the university.",Montclair State University,1
789,the university will be intentional in supporting the engagement of all students in demonstrated high-impact teaching and learning practices and robust co-curricular programming.,Montclair State University,1
790,"objective 1.1 create and sustain high quality, rigorous, and competitive academic programs that serve student needs and continue to elevate the institution’s reputation a) by 2025, refine the undergraduate and graduate academic portfolio to include new programs that emphasize professional competence and leadership skills in growth areas in the region, including stem fields, health, media, and management b) redesign the liberal arts core curriculum with renewed dedication to ensuring competencies in digital technologies; media literacy; analytical reading; skillful writing; oral communication; critical thinking; historical consciousness; and civic and ethical awareness, anchoring these competencies in best assessment practices c) adopt the use of personal graduation portfolios that students will curate from their first day of classes, as a repository and record of all their academic and co-curricular activities over the course of their education d) expand the development of effective student-focused transfer programs with community colleges e) create innovative, flexible and mediated teaching and study spaces that will enable teacher experimentation with and use of new technologies and pedagogical techniques, fostering increased student engagement, collaboration and active learning both during and outside of classroom hours f) develop degree completion programs, online programs, and alternative scheduling of programs and courses to support student access and success strategies msuccess measures 1.1.1. increased relevance, demand for, and academic quality of undergraduate and graduate programs leading to a degree or certificate from the baseline in ay2019-20 1.1.2. increased student performance levels on the collegiate learning assessment plus (cla+) instrument, both in terms of the percent of students who meet basic competencies, as well as in terms of the relative performance of msu students versus students from peer institutions 1.1.3 .",Montclair State University,0
791,"increased percent of freshmen and seniors who describe the rigor of their courses at msu as “very high” or “high” on the national survey of student engagement (nsse) instrument 1.1.4. improved university standing, and the standing of its academic programs, as determined in select national rankings, from baselines in ay2019-20 1.1.5. increased number of online programs leading to a degree or certificate from the baseline of ay2019-20 1.1.6. increased delivery of programs in fully online mode by 100% over the baseline of programs in 2019-20montclair state university strategic plan 2025 7 pillar one: fostering student transformation objective 1.2 increase engaged student participation in an expanded range and variety of campus experiences and support activities a) promote maximum access to internship opportunities and cooperative educational experiences for all students b) enhance superior academic performance through expansion of honors options and societies within majors, and support for applications to premier post-secondary opportunities such as fulbright, gates-cambridge, gilman, marshall, mitchell, rhodes, schwarzman and truman scholarships c) increase communication and participation in activities and programs focused on increasing the well-being of students to support the development of the whole student d) achieve national stature as a top ncaa division iii institution e) promote and support student engagement with professional societies, social clubs and interest groups that evolve as the student body evolves strategies msuccess measures 1.2.1. increased levels of engagement across a range of campus experiences as measured by student-reported activity and satisfaction on national surveys (i.e.",Montclair State University,0
792,"the freshman survey, the college senior survey, the ruffalo noel-levitz student satisfaction index, and the national survey of student engagement) 1.2.2. increased levels of engagement across a range of campus experiences as measured by recorded memberships, attendance at academic events, and other measures of participation 1.2.3. expanded range of student organizations and events, and increased participation rates 1.2.4. increased student use of academic and other support services and facilities over baselines established in ay2019-20 1.2.5. increased conference championships and participation in division iii ncaa playoffs, increased attendance at athletic events, and robust success in the recruitment of student athletes 1.2.6. increased degree completion rates and higher academic achievement of student athletes over baselines established in ay2019-20 1.2.7. increased student success in winning competitive postgraduate scholarships and fellowships montclair state university strategic plan 2025 8 objective 1.3 identify and craft signature transformative student experiences that contribute to a distinct identity for the university across both curricular and co-curricular programming pillar one: fostering student transformation a) provide curricular and co-curricular programming to prepare graduates for the world of work and lay a foundation for the continued acquisition of knowledge and skills that assure competence in an evolving work environment b) assure curricular and co-curricular experiences that require teamwork, leadership, problem solving and decision making, cultural competence, and creative thinking c) leverage the range of cultural experiences offered by the university to engage students in activities that enhance learning through the arts, athletics, and programming available to all community members d) enhance student experience through career development activities that link both curricular and co-curricular programming to alumni and post-graduate success e) enhance the development of badging opportunities to promote skill development, curricular and co-curricular opportunities, and skills important for life after montclair f) increase high impact experiences by expanding access to and participation in national and international programs that broaden understanding of the nation in the world strategies msuccess measures 1.3.1. measure those activities and experiences assessed by the cla+, the national survey of student engagement, or the higher education research institute that yield the greatest gain scores, or value-added, from entry to graduation for montclair state university students 1.3.2. increased number of new programs and experiences that, based upon analysis of existing, highly transformative programs, appear to have the most potential to transform students academically or personally 1.3.3. realized acquisition of international fulbright awards by students 1.3.4. increased student participation in un academic impact programs and in the higher education sustainability initiative (hesi) montclair state university strategic plan 2025 9 pillar one: fostering student transformation a) assure intentional degree program design in every program to enable timely completion to degree for all students b) develop robust university analytics for monitoring and promoting student and alumni success, including eab navigate, first destination survey, and other platforms c) establish a senior level enrollment management group that uses data to research and manage multiyear enrollment, retention and graduation goals that are supported by the institution strategies msuccess measures objective 1.4 leverage new services and technologies to ensure timely completion of degrees 1.4.1. increase first-semester retention to 95%, and sustain that level of success once achieved 1.4.2. increase first-year retention to 85%, and sustain that level of success once achieved 1.4.3. increase four-year graduation rates to 60%, and sustain that level of success once achieved.",Montclair State University,0
793,"1.4.4. increase the six-year graduation rate to 80% and increase that level of success once achieved montclair state university strategic plan 2025 10 pillar one: fostering student transformation strategies msuccess measures objective 1.5 expand programs and services that improve students’ opportunities for life-long success and engaged citizenship, and increase the university’s commitment to their continued relationship as alumni a) create advanced on-line portals and self-service functions to support the availability of essential student and alumni resources – red hawk central, academic advisement, career services, technical support services b) develop university-wide career counseling protocols to guide all students toward successful post-graduation careers, leveraging relationships with alumni, their employers and other external partners c) develop a reliable tracking system for post-graduate success in careers and subsequent degree attainment d) create mechanisms to better connect students and alumni for mutually beneficial activities e) strengthen alumni relations activities with coordinated efforts across the university 1.5.1. increased number and percent of students who participate in experiential learning activities including co-ops, internships, clinical practice, study abroad and other programs that include a significant real-world component 1.5.2. increased number and percent of students who visit career services for career counseling or self-assessments, or who take advantage of job fairs and other employment-related activities 1.5.3. increased training opportunities, courses, and other noncredit services for professional and career development offered by colleges and schools 1.5.4. increased number of montclair state university alumni participating in courses or activities sponsored by college or school continuing education programs 1.5.5. increased number and percent of bachelor’s degree recipients who further their education by enrolling in accredited graduate programs 1.5.6. increased number and percent of bachelor’s degree recipients who earn master’s and/or doctoral degrees 1.5.7. increased number and percent of students who volunteer to participate in activities sponsored by the center for community engagement 1.5.8. increased number and percent of students who vote montclair state university strategic plan 2025 11 pillar one: fostering student transformation strategies msuccess measures objective 1.6 increase awareness of the university’s identity and impact, and enhance its reputation a) craft a clear and authentic brand narrative for the university, convey this narrative consistently and effectively to all key audiences using a strategic mix of paid advertising, earned news coverage, owned channels and social networking 1.6.1. improvements in name recognition, brand awareness, and favorable perceptions by key audiences, as measured by survey research 1.6.2. growth in news coverage of key brand drivers (e.g.",Montclair State University,0
794,"to further champion diversity and inclusiveness b) continue to refine the university’s student recruitment practices to attract and recruit applicants that are fully reflective of the diversity of new jersey, including under-served socio-economic students, all racial and ethnic groups, and national and international students for whom montclair state can be a welcoming community c) develop, administer, and analyze a regularly deployed climate survey instrument to guide enhancements of the campus environment and culture d) continue to implement and improve hiring and retention practices for executive, faculty, and staff from a full range of diverse populations e) improve the usefulness of annual performance reviews for all employees, and offer mentorship and organizational development training and support for employees and groups strategies pillar two: growing through diversity and access montclair state university will sustain an inclusive environment where all students and employees have the opportunity to thrive and which embraces and realizes the opportunities inherent in the rich diversity of the university community.",Montclair State University,1
795,"msuccess measures objective 2.1 capitalize on the historic strength of diversity in the institution and continue to grow that strength as the state expands its diversity 2.1.1. achieve racial and ethnic diversity levels (number and percent) among students that match the diversity among 18- to 24-year-olds in the state 2.1.2. achieve racial and ethnic diversity levels (number and percent) among non-faculty employees that match the diversity of employed new jersey residents 2.1.3. achieve racial and ethnic diversity levels (number and percent) among faculty that match the diversity of ph.d. recipients in their respective disciplines 2.1.4. reduce variation among admission rates across racial and ethnic groups so that none of the differences show statistical or practical significance 2.1.5. reduce variation among retention and graduation rates across racial and ethnic groups so that none of the differences show statistical or practical significance 2.1.6. continue to enhance student and employee opinions regarding the campus climate for diversity in both absolute and relative terms montclair state university strategic plan 2025 14 objective 2.2 reaffirm and maintain the university’s long-standing commitment to affordability pillar two: growth through diversity and access a) maintain a business model in which tuition and fees will allow maximum student access to quality education b) employ strategic and cost efficient use of resources to assure sustainable delivery of the highest quality instruction at the lowest possible cost to students and their families c) develop and deliver training in general financial literacy and financial aid processes for all students d) continue to advocate at the state level for more equitable tag allocations for the university’s students e) continue to advocate at the state level for more equitable operating support for the university f) increase external gifts and grants that support student scholarships g) increase efforts to reduce costs of attendance unrelated to tuition and fees strategies msuccess measures 2.2.1. maintain tuition and required fees at a level that is below the median for senior, public institutions in new jersey 2.2.2. reduce the number of students with unmet need, and the average amount of that unmet need 2.2.3. reduce the average undergraduate student debt at graduation to a level that is the lowest among senior public institutions in new jersey 2.2.4. achieve increased tag allocations 2.2.5. achieve increased state appropriation for operations 2.2.6. achieve increased external gifts and grants to support scholarships montclair state university strategic plan 2025 15 pillar two: growth through diversity and access strategies msuccess measures objective 2.3 ensure that the university provides full access, for students, alumni, faculty and staff, to all activities that make the university an engaging community a) continue to expand accessibility to the university’s digital tools, information resources, and course materials b) address accessibility throughout the institution’s facilities and public spaces to achieve ada compliance in all physical facilities and digital services c) communicate and encourage the effective use of innovative methods to support the diverse learning needs of disabled students, faculty, and staff 2.3.1. all digital resources (e.g., course materials, website information, library materials, and data bases) are accessible to the entire university community 2.3.2. all university physical facilities are accessible to the entire community montclair state university strategic plan 2025 16 pillar two: growth through diversity and access strategies msuccess measures objective 2.4 assure that the university’s diversity, inclusiveness and provision of affordable access to excellence are conveyed clearly and consistently to the public a) publish information about diversity, inclusion and affordability in the university’s digital and printed materials b) portray the university’s inclusiveness by publishing images and stories about a broadly diverse array of students, faculty, staff and alumni 2.4.1. improvements in awareness of the university’s diversity, inclusion and affordability by key audiences, as measured by survey research pillar three discovery and application of knowledge through research and scholarshipmontclair state university strategic plan 2025 18 a) form a research task force to identify and implement best practices across all aspects of research in the institution such as cost allocations, infrastructure, grants administration, policy, and protocols b) form a student research advisory group to support and encourage diverse undergraduate and graduate students involvement in research c) establish a scholarly communication center in the library which would leverage our digital commons and facilitate access to scientific journals, research databases, and sci-finder tools d) cultivate a research-active graduate student educational culture e) continue development of relationships and partnerships with other institutions and professional bodies that support research strategies pillar three: discovery and application of knowledge through research and scholarship msuccess measures objective 3.1 improve and upgrade business processes, facilities and technological resources in support of research 3.1.1. inefficient business processes that negatively affect research administration and operations have been identified and eliminated 3.1.2. research facilities have met the necessary requirements of current faculty for active and productive scholarship 3.1.3. current technology supports 95% of all faculty research agendas 3.1.4. increase the number of students who participate in faculty research activities by 50% montclair state university will embrace and fulfill its identity as a carnegie r2 doctoral and new jersey public research institution, expanding both its national and international research impact, enhancing its research portfolio and reputation, driving innovation and relevant solutions for the social, economic, educational and health care challenges of the culturally diverse communities of new jersey and the region.",Montclair State University,1
796,"montclair state university strategic plan 2025 19 strategies success measures a) organize and prepare ready respond teams (rrts) of researchers with interactive expertise who will be able to respond efficiently to multidisciplinary rfps b) orsp will join the grant resource center in washington, d.c. (and similar “ear-to-the-ground” organizations) to increase awareness of and prompt access to extramural sources of federal funding for research c) extend consulting and writing support for grants to all colleges and schools where potential for successful proposals is demonstrated d) assure that internal research funding is awarded to the most prepared and effective applicants, who will be most likely to convert this seed funding to successful external proposals e) expand activities for training/mentoring between junior/senior research faculty f) fund “pump-priming” internal research grants, offer summer grant writing workshops, and provide state-of-the-art activities/ resources to develop successful grant writing skills g) engage the office of development to source private funding from corporations and other sources who will support innovative ideas for faculty research and programs objective 3.2 increase external funding for research 3.2.1. increase the number of research grant proposals submitted by faculty 10% per year over a baseline established in fy19 3.2.2. increased number of funding sources supporting research at the university over the baseline number of sources in fy19 3.2.3. increased number of research grants funded by the federal government by 20% over the baseline established in fy19 3.2.4. increased corporate and foundation funding for research from the baseline of fy19 3.2.5. increased total external funding for research from the baseline of $18.4m to $22.0m 3.2.6. increase state and nationally funded multi-institutional research collaborations by 10% over the baseline of fy19 3.2.7. increased success rate of grant proposals submitted by faculty members at all levels pillar three: discovery and application of knowledge through research and scholarship montclair state university strategic plan 2025 20 objective 3.3 expand and enhance the reputation and impact of university research pillar three: discovery and application of knowledge through research and scholarship a) improve the media reporting and recognition of both faculty and student scholarship b) fully populate and deploy digital commons and research with nj to propagate and broadcast more widely the scholarly productivity of the faculty and students c) broaden scope of research partnerships nationally and globally d) increase faculty participation in scholarly experiences, including faculty exchanges, international awards, and leadership positions in panels, and professional groups and professional societies e) launch a robust research communication program in print and online to convey the university’s strengths and accomplishments in research, scholarship and creative activity strategies msuccess measures 3.3.1. increased faculty peer-reviewed publications in higher quality journals and well-regarded scholarly presses 3.3.2. demonstrated increase in the impact of faculty research and publications using standard quality metrics such as download counts, h-factor indices, citation counts, altimpact, researchgate rankings, book reviews in high profile venues, etc.",Montclair State University,0
797,"3.3.3. student researchers will be recognized by regional and national awards for scholarship 3.3.4. montclair state university programs are ranked successively higher each year in valid and mission-appropriate national ranking systems 3.3.5. faculty are recognized with increased awards from professional associations, leadership roles in those associations, and significant public distinctions 3.3.6. improved awareness and favorable perceptions among key audiences of the university’s accomplishments in research, scholarship and creative activity over fy2109 benchmarks, as seen in positive earned news stories; web site and social media responses; downloads, citations and reviews of faculty scholarship",Montclair State University,0
798,"we are all treaty people, with roles and obligations that include responsible stewardship of the land, a commitment to relationships with indigenous peoples based on trust and respect and to partnering with them for our mutual wellbeing.",Saint Mary’s University,1
799,living the intent of reconciliation is a fundamental part of our saint mary’s community.,Saint Mary’s University,1
800,"we exist in a time of financial challenge, and our strategic plan is careful to balance our collective vision for the future with the practical realities of our current environment.",Saint Mary’s University,0
801,"the strategic plan draws particular attention to the urgent necessity of ‘securing our future.’ the five priority areas have been arrived at through significant consultation with faculty, professional librarians, students, staff and members of the broader university community, and the objectives within each priority weigh the importance of sustainability against opportunity.",Saint Mary’s University,1
802,"our vision for saint mary’s is built upon our strong tradition of scholarly excellence, accessibility and community engagement.",Saint Mary’s University,1
803,"we must support our people to grow and achieve their best by prioritizing their health and wellbeing, investing in their academic and professional development, and supporting an inclusive environment in which excellence and opportunity thrive.",Saint Mary’s University,1
804,"our values underscore our commitment to our distinctive contribution to society and are expressed through everything we do in our pursuit of excellence in research, teaching and learning.",Saint Mary’s University,1
805,they are courageous; very few universities are prepared to state their values so explicitly and with such care and consideration.,Saint Mary’s University,1
806,"to paraphrase our latin motto, they ensure we are able to answer the fundamental question of why we are doing what we do.",Saint Mary’s University,1
807,why should a staff member believe that saint mary’s is the ideal workplace for them?,Saint Mary’s University,0
808,"our vision, mission and values inform every aspect of this strategic plan, which is designed so that in five years’ time we will be well along a path towards financial sustainability.",Saint Mary’s University,1
809,"we will be an institution that is academically exciting and that delivers world-class research which informs our teaching excellence, which engages with community, and which has the courage to take the world’s largest problems and put them in front of all of us to seek collective resolution and shared understanding.",Saint Mary’s University,1
810,"4 world without limits: the strategic plan for saint mary’s university 2024-2029 i hope you will read this document as a distillation of the many ideas of our community, and i hope also that you will see your own path within this strategic plan for the future of saint mary’s university.",Saint Mary’s University,0
811,"robert summerby-murray president and vice-chancellor 5 message from the chair on behalf of the saint mary’s university board of governors, i am pleased to enthusiastically endorse the new university strategic plan, which i am confident will guide saint mary’s as we strengthen our distinctive position during the challenging times ahead.",Saint Mary’s University,0
812,saint mary’s has been a renowned place of learning and scholarship since 1802 and will continue to be so for a long time to come.,Saint Mary’s University,0
813,"we are among the top primarily undergraduate universities in canada and are determined to build on our exemplary record of achievements to enhance our teaching and research and strengthen our relationships with the communities in which we live, work and serve.",Saint Mary’s University,1
814,"we will continue to encourage discovery and innovation in a wide range of disciplines in the humanities, social sciences, sciences and business and will seek to make our campus an inspiring setting for scholarly activity.",Saint Mary’s University,0
815,"i want to acknowledge and thank everyone who has been involved in these many discussions and reports, including our students, faculty, staff, senior leadership, alumni and donor community, senate and my fellow members of the board of governors.",Saint Mary’s University,0
816,"together we have laid out a plan to venture forward with vision and purpose, to create and communicate knowledge, and to act in the world.",Saint Mary’s University,0
817,"alan r. abraham jr., bcomm’80 chair, board of governors 6 world without limits: the strategic plan for saint mary’s university 2024-2029 message from the chancellor i have long been a believer in saint mary’s university and in what i know it can achieve—its relentless pursuit of the best people, an absolute focus on excellence in teaching and research, the authentic and meaningful pursuit of community partnership, an unwillingness to settle for the status quo, and a determination to overcome whatever obstacles present themselves.",Saint Mary’s University,1
818,"it is also based on a conviction that saint mary’s can do better, must do better, to ensure that future generations of students have greater opportunities to achieve their true potential and that we are helping to build the fortunes of this region.",Saint Mary’s University,1
819,"it is a demonstration of our commitment to creating an environment and community that are unique to saint mary’s, with spaces for possibility, innovation and inclusion that are integral to the distinctive and differentiating saint mary’s experience—for our students, our faculty, our librarians and our staff.",Saint Mary’s University,1
820,"it is equally important that this same saint mary’s experience resonates with our alumni, with our benefactors, with members of the business community and the three levels of government, who are all key supporters of the mission of our organization.",Saint Mary’s University,1
821,"i am so proud to serve as chancellor because i recognize what an extraordinary place this is, with caring and supportive faculty and staff—just as it was when i was a student.",Saint Mary’s University,1
822,"the next few years will be transformative, both for saint mary’s and the impact we will have on our community and the world.",Saint Mary’s University,1
823,"dr. michael durland, bcomm’87, dcomm’10 chancellor 7 8 our vision, mission & values vision mission values our vision saint mary’s, building on our strong tradition of scholarly excellence, accessibility and community engagement, will be the university of choice for aspiring citizens of the world.",Saint Mary’s University,1
824,"we will achieve this by: • creating a space for possibility through inspiration, innovation, inclusion, investment and action; • nurturing a culture of care and community.",Saint Mary’s University,1
825,"these values are expressed through everything we do, as we pursue: • intellectual transformation, • individual and collective resilience, • intercultural engagement, • alumni and community connection, and • ethical wisdom.",Saint Mary’s University,1
826,"9 intellectual transformation we are unwavering in our commitment to academic success, research excellence, innovation and discovery—and the many ways in which these foster intellectual growth for all members of the university community.",Saint Mary’s University,1
827,"we recognize that individuals learn in different ways; we support diversity and accessibility in approaches to teaching, learning and inquiry, with the goal of graduating students with creative and entrepreneurial mindsets.",Saint Mary’s University,1
828,"10 world without limits: the strategic plan for saint mary’s university 2024-2029 individual and collective resilience we are an organization dedicated to understanding, adaptability and purposeful action, and we will nurture individual and collective resilience through: • belief in the power of the saint mary’s community to realize our shared vision for the future; • engaging in the strength of our common purpose, developing curiosity, imagination, creativity, empathy and courage; • acting not only for today but for the sustainable future of communities, future generations of learners and the ecosystems on which we all depend; • adapting to constant change through the recognition that challenges are dynamic and evolving and we must learn from them; • being courageous as individuals and as a community in confronting challenging issues and taking responsibility for our shared future; • nurturing the health, safety and well-being of each other and the broader saint mary’s community.",Saint Mary’s University,1
829,"intercultural 11 intercultural engagement saint mary’s has a well-established commitment to cultural diversity and is recognized as one of canada’s leading international universities as expressed through the diversity of our student body, our curriculum and in our teaching, research and staff communities.",Saint Mary’s University,1
830,our goal is to support all students in their relationships and interactions with persons and groups of other cultures and to cultivate global citizenship through practice and example.,Saint Mary’s University,1
831,we also engage in extensive outreach and collaboration with peer institutions and organizations across canada and around the world.,Saint Mary’s University,0
832,"we will enhance this leadership position by: • being authentic, accountable and ethically uncompromising in our commitment to equity, diversity, inclusion and accessibility, within a spirit of collegiality, civility, generosity, trust and respect; • engaging with first nations, inuit and metis peoples, african nova scotians and global populations to foster a community based on diversity and inclusivity.",Saint Mary’s University,1
833,"we engage them to enhance student support, recruitment, employment opportunities and leadership in business, science, the arts and society, and to elevate the position and reputation of saint mary’s university in the broader community.",Saint Mary’s University,0
834,"this view influences our actions—how we teach our students, conduct our research and serve our communities—and reflects our commitment to helping create a global future that is more equitable and more just.",Saint Mary’s University,1
835,"16 equity, diversity, inclusion and accessibility saint mary’s is committed to: • creating and fostering an equitable, diverse, inclusive, accessible and just community of faculty, professional librarians, students and staff where all feel welcomed, included, supported, empowered and have equal access to supports, services and opportunities that ensure learning and success; • critically examining the interactions, processes and colonial systems that all too often have characterized our teaching, research, community service and engagement with a goal of creating a saint mary’s that is inclusive and equity-oriented; • integrating into our decision-making first voice lived experiences of members of equity-deserving groups; • ensuring we recognize and support the needs of our students, faculty and staff who have disabilities, work proactively to remove and pre-empt barriers to participation and provide appropriate accommodation; • engaging with local, national and global communities to contribute to the development of self-aware, inclusive and culturally competent students and alumni; • conducting research that collaborates with and strengthens communities and builds effective and meaningful partnerships in ways that remove institutional, informational and educational barriers to success; • ensuring our community represents all aspects of diversity and that we create systems and model practices that enable every member of our community to grow, succeed and thrive.",Saint Mary’s University,1
836,"17 teaching excellence saint mary’s is committed to: • ensuring the highest standards of scholarship and that students are educated in the broadest sense of the term, with the ability to think clearly, judge objectively and contribute constructively to their chosen profession, their community and society; • providing a breadth and depth in undergraduate programs relevant to existing and emerging career paths; • attracting students whose abilities and aspirations match our program strengths; • ensuring that faculty draw on their research to inform and enrich their teaching.",Saint Mary’s University,1
837,"student success saint mary’s is committed to: • breaking down barriers to higher education by increasing our ability to provide adequate financial and other support for students, particularly those from equity-deserving populations such as indigenous and african nova scotian communities; • providing the best possible facilities, libraries and teaching supports and technologies; • providing programs and services to support students’ physical and mental health, safety and well-being; • helping students identify , refine and realize their educational goals and career development; • enriching the experience of students by collaborating with and assisting them in the realization of their cocurricular, extracurricular and cultural activities and goals; • supporting accessibility to education through recognition of students’ unique needs and thoughtful accommodation related to circumstances that impact their course of learning.",Saint Mary’s University,1
838,"18 world without limits: the strategic plan for saint mary’s university 2024-2029 research saint mary’s is committed to: • providing an environment conducive to high-quality research, discovery and innovation; • responding to new or newly relevant areas of research as they emerge; • collaborating with peer universities and institutions, industry and business partners, professional associations, and governments, where appropriate, to achieve research objectives; • ensuring students, beginning in the first year of their undergraduate degree, have opportunities to directly participate in research.",Saint Mary’s University,0
839,"graduate education saint mary’s is committed to: • delivering the highest-quality graduate teaching and research experience, understanding that, as in any university, the quality of graduate education and the quality of research are closely linked; • increasing our ability to provide adequate financial support for graduate students.",Saint Mary’s University,0
840,"lifelong learning saint mary’s is committed to: • encouraging learning as a valuable and enriching lifelong activity; • delivering courses, programs and certifications that strengthen professional development and advance career growth; • providing our alumni with opportunities to continue on their educational path through saint mary’s; • valuing our graduates as lifelong members of the saint mary’s community who make significant contributions to the university’s strengths and reputation; • providing members of the broader community opportunities to study and to use our facilities; • helping other institutions, professional organizations, community partners and learned societies through the provision of facilities and expertise.",Saint Mary’s University,1
841,19 the path toward a world without limits 20 the world is undergoing unprecedented and at times unpredictable socio-economic and geopolitical shifts.,Saint Mary’s University,0
842,the challenges we face are myriad and complex and their solutions require rigorous attention.,Saint Mary’s University,0
843,"everywhere, the ways people think, learn, live and do business are transforming at a breathtaking pace, as automation, artificial intelligence and machine learning revolutionize entire industries, and the marketplace becomes increasingly global, interconnected and volatile.",Saint Mary’s University,0
844,the impact and associated challenges of the global pandemic have added even greater complexity and placed increased demands on this societal and economic evolution.,Saint Mary’s University,0
845,"throughout this time of immense disruption, saint mary’s university has adapted, and continues to chart a course for success for our graduates and our community.",Saint Mary’s University,1
846,"we are committed to a vision of interdisciplinary innovation, intercultural fluency and inclusivity, and knowledge creation and discovery that places the focus on people, impact and purpose.",Saint Mary’s University,1
847,"it speaks directly to the immense contributions we can make to improving health, sustainability, equity and prosperity in our society through our creativity, exploration, innovation and support for the next generation of students.",Saint Mary’s University,1
848,"world without limits is a collective expression of who we want to be: a globally influential, strongly connected and socially accountable university that produces teaching and research of the highest quality, and consistently engages with the issues that face our society and humanity.",Saint Mary’s University,1
849,"this strategic plan defines what we will do from now until 2029 as we continue to work toward becoming a nationally and internationally leading university that delivers outstanding research-informed teaching, enables transformative student experiences and engages in meaningful service to society with a dedication to excellence, innovation and positive impact on our communities and the world.",Saint Mary’s University,1
850,21 our journey towards a world without limits is guided by the strength of our character and boldness of our ambitions.,Saint Mary’s University,1
851,we must embrace change and the opportunities it brings so we can ensure relevant impact on the wider society.,Saint Mary’s University,1
852,"the purpose of the strategic plan is to define the focus of our activity out to 2029 and identify the associated indicators of progress that reflect a strengthening in our capability, capacity and culture.",Saint Mary’s University,0
853,"we recognise this is a bold ambition that requires effort, resourcing and change.",Saint Mary’s University,0
854,"but by achieving success against this strategic plan, we will be moving intentionally towards the aspirations expressed in world without limits and truly build on our motto, age quod agis—“do what you do”—by fundamentally extending the very idea of what our university can—and should—become.",Saint Mary’s University,1
855,"22 securing our future saint mary’s university recognizes that our current financial model must adapt and change to enable us to respond to challenging circumstances, pursue strategic priorities and deliver on our core mission of research, teaching and service to the community.",Saint Mary’s University,1
856,"over the past decade, costs have increased much more rapidly than government funding, tuition and income from other sources.",Saint Mary’s University,0
857,"successful universities are financially disciplined, managing costs and securing alternative forms of revenue, which provides the flexibility to respond to challenging circumstances, pursue strategic priorities and deliver on the core mission of research, teaching and service.",Saint Mary’s University,1
858,a financially sustainable operating model is essential for us to reinvest in our mission to create the highest-quality student experiences and produce impactful research.,Saint Mary’s University,1
859,"many of the challenges saint mary’s faces in securing our future are shared with other universities, while we also recognize that they present some unique complexities.",Saint Mary’s University,0
860,"in a likely future environment of constrained public funding, financial security will only be attained by raising revenue from non-public sources, by streamlining systems and operations, by embracing digital technologies, and by ensuring that investments in facilities and infrastructure are adaptable to future changes in work and learning.",Saint Mary’s University,0
861,"enhancing capability will, on occasion, require hard decisions, and so we will continually evaluate activities, processes and structures for efficiency, effectiveness and relevance, and respond accordingly.",Saint Mary’s University,0
862,"healthy and successful community to create a saint mary’s community that is accessible and inspiring, providing support for learners and their diverse needs and building pathways to academic success that enable every individual to achieve their potential within an environment of belonging.",Saint Mary’s University,1
863,"a: student experience and academic success b: strengthen faculty and staff experience sustainability a: financial: to ensure long-term fiscal sustainability through careful and strategic management of institutional resources, including the development of new revenue streams and funding opportunities.",Saint Mary’s University,0
864,b: environmental: to ensure that the buildings and shared spaces of our campus are designed and maintained with an eye toward sustainability and provide a long-term positive impact on the environment and community.,Saint Mary’s University,1
865,"equity, diversity, inclusion and accessibility* to promote a safe and welcoming place of learning, working and belonging that is equitable, inclusive and accessible for black and indigenous people, people of colour, people with disabilities, members of the 2slgbtqia+ community and other equity-deserving groups.",Saint Mary’s University,1
866,"community relationships and philanthropy • to enhance relationships with alumni, donors, government and other community partners by establishing opportunities that inspire individuals and organizations to contribute to experiential learning, critical research and sustainable institutional growth.",Saint Mary’s University,0
867,"• to listen, invite engagement and seek opportunities to provide service to our communities in all that we do.",Saint Mary’s University,1
868,"priority1 priority2 priority3 priority5 priority4 *we are a people-first institution that integrates edia into all we do, including all aspects of our teaching, research, operations and services.",Saint Mary’s University,1
869,"there is still much work to be done, which is why we include edia as one of our five priorities.",Saint Mary’s University,0
870,sain t mary’s has equipped me with not only knowledge but also the critical thinking skills necessary to navigate complex issues and contribute meaningfully to society.,Saint Mary’s University,1
871,"by challenging me to dig deeper, my courses have empowered me to articulate and address the pressing concerns of our time.",Saint Mary’s University,1
872,"in essence, prioritizing teaching and research is vital for both the university and its students.",Saint Mary’s University,0
873,it ensures that we are not only equipped with academic prowess but also the ethical compass to navigat e the complexities of the world we inhabit.,Saint Mary’s University,1
874,saint mary’s is a leading institution in innovation and research and i have felt and seen the university adapt and find innovative ways to implement change into our curriculum.,Saint Mary’s University,0
875,"the academic, co-curricular, cultural and social aspects of the saint mary’s experience challenge, inspire and support our diverse student cohort to achieve the educational and social outcomes of our vision for a world without limits.",Saint Mary’s University,1
876,"our first priority, then, is to foster a vibrant culture of research, teaching and learning that reflects our core values of academic integrity, the pursuit of knowledge, responsiveness to community needs and concerns for a just society, promoting inclusive excellence that embraces diverse learner needs and creating strong and sustainable communities.",Saint Mary’s University,1
877,"strategic direction: our students, faculty, professional librarians and staff will be courageous in tackling some of the most difficult challenges facing the world and seek to create strong and sustainable communities both locally and globally.",Saint Mary’s University,1
878,"objectives: t objectives: engage in innovative, interdisciplinary research and teaching inspired by intellectual curiosity and creativity that respond to real-world challenges, and that connects and impacts our communities; strengthen and expand community engagement and partnerships, building the relationships required to tackle existing and emerging social, economic and intercultural challenges; attract talented, thoughtful and diverse students, faculty, professional librarians and staff seeking to join us in embracing new approaches to strengthening our communities; integrate equity, diversity, inclusion and accessibility into teaching, research and administrative service across all areas; identify and celebrate excellence in research, teaching and administrative service.",Saint Mary’s University,1
879,"27 “ “ my experience at saint mary’s university has prepared me to seize every opportunity, strive for excellence, as well as make significant contributions towards sustainability and future societal challenges.",Saint Mary’s University,1
880,"the university’s emphasis on innovation, research and education has given me the ability to pursue entrepreneurial endeavors during my time here.",Saint Mary’s University,0
881,"the abundant resources, mentorship opportunities and unwavering support from faculty members have been instrumental in the success of our venture and my personal growth.",Saint Mary’s University,0
882,"– alexia bourgeois bcomm’24, class v aledictorian throughout my time at saint mary’s, i’ve been fortunate to experience a genuine sense of support from my professors.",Saint Mary’s University,0
883,"for future students, knowing that smu professors genuinely care about their well - being is something to eagerly anticipate.",Saint Mary’s University,1
884,this level of support isn’t just a testament to priority 2’s focus on student support; it’s a cornerstone of the university experience.,Saint Mary’s University,1
885,"– holly kanyamunyu ba ’24, class v aledictorian 28 priority 2: healthy and successful community priority 2a: student experience and academic success to create a saint mary’s community that is accessible and inspiring, providing support for learners and their diverse needs and building pathways to academic success that enable every individual to achieve their potential within an environment of belonging.",Saint Mary’s University,1
886,"objectivesobjectives:: enhance educational access and support for all learners, including those from mi’kmaw and african nova scotian communities, those who are first-generation university students or who represent economically or historically disadvantaged communities; improve online access and content delivery in targeted program areas to provide greater flexibility and accessibility for all learners; explore new pathways to degree completion and certificates by increasing transfer agreements with peer educational institutions; provide learning supports for academic success, including a range of accessibility and wellness programs and activities, and research and information literacy services; strengthen our leadership in intercultural engagement through our student programming, initiatives and activities; strengthen academic programming related to sport, business and health; provide students with more leadership, entrepreneurship and experiential learning opportunities.",Saint Mary’s University,1
887,"strategic direction: we are committed to building pathways to success that empower our students to be confident global citizens, and to creating opportunities to acquire the intercultural competencies critical for societal well-being.",Saint Mary’s University,1
888,29 investing in faculty and staff well-being will only serve to benefit the student population.,Saint Mary’s University,0
889,the supportive and caring culture that the staff and faculty provide is what sets saint mary’s apart from other university communities and is one of its best assets.,Saint Mary’s University,1
890,"– madison vanderlinden ba ’24, class v aledictorian “ faculty and staff are the backbone of the entire university experience and are key to student success.",Saint Mary’s University,1
891,"likewise, faculty and sta ff who are supported to enjoy work/life balance, con tinued career development and inclusivity are more likely to teach with vigor, engage with students, and continue to build upon the amazing community at saint mary’s.",Saint Mary’s University,1
892,"thus, i believe that by prioritizing these people, saint mary’s is by extension also prioritizing the community, as well.",Saint Mary’s University,1
893,"– jonathan mansvelt bsc’24, class v aledictorian “ 30 priority 2: healthy and successful community priority 2b: strengthen faculty, professional librarian and staff experience to become a stronger version of ourselves, we must support our faculty, professional librarians and staff to grow and achieve their best by prioritizing their health and well-being, investing in their professional and career development and supporting an inclusive environment in which excellence and opportunity thrive.",Saint Mary’s University,1
894,"ensure a workplace that is safe, diverse, equitable, accessible and inclusive; objectivesobjectives:: foster a “people first” culture that makes saint mary’s a desirable place to work and build a career; invest in orientation, training and career development opportunities that contribute to a people-focused culture of collaboration, care, respect and inclusion; support leadership development opportunities and succession planning for all employees.",Saint Mary’s University,1
895,"given the diverse nature of our community, including international students who enrich the saint mary’s environment, financial strategies must consider their needs to ensure our collective sustainability.",Saint Mary’s University,1
896,"amidst challenges like covid, inflation and shifting government funding, addressing financial concerns head-on is a bold move reflected in the strategic plan.",Saint Mary’s University,0
897,"– holly kanyamunyu ba ’24, class v aledictorian “ “ i believe that transparency about finances is extremely important, and it is refreshing to see saint mary’s informing the community about the ongoing challenges.",Saint Mary’s University,1
898,"ultimately, students, faculty and staff alike all want to see saint mary’s continue to provide an amazing learning experience.",Saint Mary’s University,0
899,being able to appreciate the reality of the situation is key to collectively addressing it in a constructive way.,Saint Mary’s University,0
900,"– jonathan mansvelt bsc’24, class v aledictorian 32 priority 3: sustainability priority 3a: financial sustainability to ensure the long-term fiscal sustainability of saint mary’s through careful and strategic management of institutional resources, including the development of new revenue streams and funding opportunities.",Saint Mary’s University,0
901,"strategic direction: we are committed to operational excellence, embracing transformational ideas and seeking out ways to steward meaningful relationships with local, national and international businesses, governments and communities.",Saint Mary’s University,1
902,"we also recognize that our financial situation must change to enable us to respond to challenging circumstances, pursue strategic priorities and deliver on our core mission of teaching, research and service to the community.",Saint Mary’s University,1
903,"successful universities are financially disciplined, managing costs and growing alternative forms of revenue.",Saint Mary’s University,0
904,a financially sustainable operating model is essential for us to reinvest in our mission to create the highest-quality student experiences and produce impactful research.,Saint Mary’s University,1
905,"evaluate administrative systems and processes for efficiencies and improved user experience; align financial resources and our academic mission to protect our ability to support innovation, effectiveness and efficiency; engage a strategic enrolment management plan in support of student registration to sustain academic programs and student services; embrace digital transformation and digital learning to support the academic mission, innovation in teaching and learning, and sustainable business operations; pursue strategic external partnerships that support our mission, align with our values and enhance sustainability, and expand reciprocal opportunities for partnering with other post-secondary institutions, businesses and community organizations.",Saint Mary’s University,1
906,"i firmly believe that this commitment will empower us as students to become better global citizens, inspiring us to act with mindfulness and in ways that promote the well-being of both people and the planet.",Saint Mary’s University,1
907,"witnessing initiatives like the stunning three-storey living wall in the atrium/common room reinforces the university’s dedication beyond mere ‘green talk.’ as a young person, knowing that the institution is actively striving for environmental responsibility is incredibly encouraging.",Saint Mary’s University,1
908,"– holly kanyamunyu ba ’24, class v aledictorian 35 to ensure that the buildings and shared spaces of our campus are designed and maintained with an eye toward sustainability and provide a long-term positive impact on the environment and community.",Saint Mary’s University,1
909,"priority 3: sustainability priority 3b: environmental sustainability strategic direction: we are committed to ensuring access to campus grounds, buildings and facilities, and that any new construction or renovations to existing spaces are undertaken through the lens of environmental sustainability and lessening negative environmental impacts.",Saint Mary’s University,1
910,"commit to energy sustainability and take steps to achieve carbon neutrality (“net zero”) by 2050 through technology innovation, financial stewardship and embedding sustainability into all institutional practices; establish a single point of contact and coordinated approach to sustainability; achieve greater engagement and participation within our university community (students, faculty , staff and governors); ensure our built environment and technology embrace and support our sustainable objectives.",Saint Mary’s University,1
911,"objectivesobjectives:: 36 – nyah sahyoun bcomm’24, class valedictorian “ “ “ “ every universityreads the same books and covers the same topics; what makes one university stand out from the others is its people, the connections you make and the things you learn from others along the way.",Saint Mary’s University,0
912,"diversity lies at the core of saint mary’s university, evident on our campus where no two faces look alike, groups are communicating in different languages, students feel comfortable expressing their individuality through clothing, food, sport and clubs.",Saint Mary’s University,1
913,"saint mary’s makes room for uniqueness and i believe the biggest lesson we are taught is that everyone is so different, works and learns in different ways, and it’s a lesson that you need to understand in order to collaborate and excel.",Saint Mary’s University,1
914,my experience at saint mary’s university has instilled in me a profound appreciation for the richness of diversity.,Saint Mary’s University,1
915,"intercultural engagement, a core value of saint mary’s, is at the heart of our university, evident in the many international student organizations and events held on campus.",Saint Mary’s University,1
916,saint mary’s university is a place that encourages a global perspective and fosters understanding among students from all backgrounds.,Saint Mary’s University,1
917,i’m confident that saint mary’s is ideal for international students looking to build a home away from home.,Saint Mary’s University,0
918,"– madison vanderlinden ba ’24, class valedictorian reflecting on my journey at saint mary’s, i find it imperative to acknowledge the support extended to groups like the african student society and the black student society.",Saint Mary’s University,1
919,seeing the school’s collaboration with these communities has been instrumental in enriching my university experience.,Saint Mary’s University,0
920,"the backing we received from the university for events like african night in 2023 underscored the significance of institutional support in fostering a sense of belonging and empowerment among marginalized groups, particularly the african/african nova scotian community.",Saint Mary’s University,1
921,it ensures that our educational environment is not only diverse but also accessible and equitable.,Saint Mary’s University,1
922,"moving forward, i believe that upholding edia principles will not only benefit current students but also set a precedent for future generations, fostering a truly inclusive and equitable academic community.",Saint Mary’s University,1
923,"– holly kanyamunyu ba ’2– holly kanyamunyu ba ’24 class valedictorian 37 priority 4: equity, diversity, inclusion and accessibility strategic direction: diversity excellence and inclusion infuse the heart of our work and strategic directions and are at the core of our values.",Saint Mary’s University,1
924,"we strive to be a leader in diversity and accessibility, promoting inclusion, equity and respect, and are working towards eliminating disparities and bias on our campus and in our communities.",Saint Mary’s University,1
925,"objectives: to promote a safe and welcoming place of learning, working and belonging that is equitable, inclusive and accessible for everyone, including black and indigenous people, people of colour, people with disabilities, members of the 2slgbtqia+ community and other equity-deserving groups.",Saint Mary’s University,1
926,"adopt and implement the recommendations contained within the nova scotia accessibility act, nova scotia equity and anti-racism strategy, and the smu accessibility plan, integrating first voice perspectives and tracking progress; support best practices and opportunities to eliminate systemic barriers to full participation of black and indigenous people, people of colour, people with disabilities, members of the 2slgbtqia+ community and other equity-deserving groups in all areas of the university; decolonize curricula and support indigenization of the academy, responding to the universities canada principles on indigenous education and the calls to action of the truth and reconciliation commission; implement the action plan established in our response to the scarborough charter on anti-black racism and black inclusion in canadian higher education; implement our indigenous success strategy; foster a learning and working environment that is equitable, inclusive and accessible for students and employees from equitydeserving groups; pursue equitable, inclusive and accessible recruitment, selection, retention, promotion and matriculation of members of equitydeserving groups; apply a rick hansen foundation lens and approach to all improvements at the university, ranging from our online presence to our physical spaces.",Saint Mary’s University,1
927,"the support of our community through volunteerism, philanthropy and collaborative partnerships makes achieving ambitious goals possible.",Saint Mary’s University,1
928,support from government and community partners enhances our visibility and also provides access to additional resources and opportunities for collaboration.,Saint Mary’s University,0
929,"by working together, we are able to draw on one another’s strengths, address common issues and generate beneficial effects that reach beyond the confines of our institution.",Saint Mary’s University,1
930,"– nyah sahyoun bcomm’24, class valedictorian “ “ i always look at my experience in the african student society as one that truly showed me the depth of the relationships we as students have with the university and the community surrounding us.",Saint Mary’s University,1
931,"for instance, the support provided by keisha turner, an esteemed alumna, through initiatives like the bursary for african canadian and indigenous women, underscores the community’s readiness to support us.",Saint Mary’s University,1
932,"this connection to our community, alumni, donors and supporters is pivotal.",Saint Mary’s University,0
933,it ensures that students like me have access to vital resources and opportunities.,Saint Mary’s University,1
934,it’s not about seeking approval but recognizing the symbiotic relationship between us and those who support our academic endeavors.,Saint Mary’s University,1
935,"– holly kanyamunyu ba ’24, class valedictorian 38 39 to enhance relationships with alumni, donors, government and other community partners by establishing opportunities that inspire individuals and organizations to contribute to experiential learning, critical research and sustainable institutional growth.",Saint Mary’s University,1
936,"to listen, invite engagement and seek opportunities to provide service to our communities in all that we do.",Saint Mary’s University,1
937,"priority 5: community relationships and philanthropy strategic direction: saint mary’s university has a strong tradition of engagement with our alumni, donors, government and community partners who provide powerful financial and volunteer support.",Saint Mary’s University,0
938,"to catalyse support for our priorities, saint mary’s is undertaking the most ambitious fundraising campaign in our history: world without limits: the campaign for saint mary’s university, a $100-million initiative to galvanize our greatest strengths and propel saint mary’s towards becoming one of the most innovative and exciting universities in canada.",Saint Mary’s University,0
939,"our vision includes significant new investments in sustainable infrastructure, new research initiatives and programming, new intellectual and entrepreneurial leadership and unprecedented levels of student support—all built on a firm and resilient foundation of academic excellence and our rich history and traditions.",Saint Mary’s University,1
940,"objectivesobjectives:: cultivate a culture of philanthropy at saint mary’s university that engages all members of our community to play an active role in supporting, sharing and celebrating university success; maintain strong relationships, deliver unique experiences and seek out collaborations with our loyal and engaged alumni, volunteers and donors and across our local and regional community; ensure that advancement & external affairs is structured and resourced to support campaign success and datainformed operations, and aligned with the strategic priorities of the university that support our academic mission; inspire transformational philanthropic support and alumni participation in world without limits: the campaign for saint mary’s university; in addition to our communityengaged research commitments, expand the breadth and strength of our community partnerships, fostered by authentic listening and consultation.",Saint Mary’s University,1
941,"40 do what you do: striving to create a world without limits great universities are distinguished by the calibre, accomplishments and contributions to society of their students, faculty, staff, alumni and supporters.",Saint Mary’s University,1
942,"as a catalyst for discovery, innovation and progress, we have made it our mission to generate new knowledge and understanding, and to nurture new generations of scholars, innovators, leaders and entrepreneurs who will address some of the most pressing and complex challenges of our time.",Saint Mary’s University,1
943,"saint mary’s university is dedicated to fostering a passionate and thriving academic community in which the learning and scholarship of every member may flourish, and with a resolute commitment to the principles of accessibility, inclusion, equity and justice.",Saint Mary’s University,1
944,"our students, faculty and staff, alumni, partners and supporters find community here that is welcoming, inclusive, sustainable, diverse and resilient.",Saint Mary’s University,1
945,"we connect locally, regionally and globally and we graduate students who have discovered their potential to serve their own communities with impact and purpose.",Saint Mary’s University,1
946,"we create space for possibility through inspiration, ideation and action, and our culture is nurtured by a spirit that fosters a love of teaching and learning, and a desire for knowledge and discovery.",Saint Mary’s University,1
947,our scientists and scholars seek insights into fundamental questions of our being and aim to apply these to improve everyday lives.,Saint Mary’s University,1
948,"they engage with research partners in business, industry, government and other organizations to inspire new generations to view the world around them, their place in it, and the opportunities it presents.",Saint Mary’s University,0
949,saint mary’s university has been a beacon of optimism and positive change for our community for more than 220 years.,Saint Mary’s University,1
950,we are ranked third (as of 2023) in canada among primarily undergraduate institutions and second for research among universities in nova scotia.,Saint Mary’s University,0
951,"we are also a leader in graduate education, offering 29 phd and master’s degree programs, and are nationally recognized for our business, entrepreneurship and research excellence, as well as for our innovative and interdisciplinary programs in arts, science and business.",Saint Mary’s University,0
952,saint mary’s promotes the development of a global and entrepreneurial mindset across all faculties and programs so that our students are prepared for the real world—the one waiting for them just outside their door and the one they will face in the years ahead.,Saint Mary’s University,0
953,"29 phd and master’s degree programs more than a campus or a university experience, saint mary’s represents a way of being in the world that is worth striving for.",Saint Mary’s University,1
954,"as we look toward the future, saint mary’s sees advanced education as an interdisciplinary pursuit, one in which every student has an opportunity to participate in research and learns to push boundaries by working collaboratively across programs and disciplines.",Saint Mary’s University,0
955,"now, more than ever, the social sciences and humanities are essential to collaborating and innovating in a world facing massive change and increasing competition for resources.",Saint Mary’s University,1
956,"more than a campus or a university experience, saint mary’s represents a way of being in the world that is worth striving for.",Saint Mary’s University,1
957,"our diverse and inclusive community is one that nurtures the unique talents and potential of each individual, builds their essential capacities as passionate, compassionate and curious lifelong learners, and connects them to real problems, real professional networks and real enterprises, locally, regionally and internationally.",Saint Mary’s University,1
958,"there has never been a greater need for what saint mary’s can offer, and we have never been more prepared to deliver on the promise of a better, brighter future—one which calls on leadership and innovation to overcome challenges of sustainability and climate change, poverty and inequality, migration and health care.",Saint Mary’s University,1
959,the plan is rooted in an acknowledgment of the concerns unearthed in the climate survey and the pressing need to address them.,STANFORD UNIVERSITY STRATEGY,1
960,"this strategic plan embodies our commitment to establish an environment in which members of our campus community are afforded the opportunity to contribute to the university’s mission and, in doing so, are respected, can thrive professionally, and grow and develop personally.",STANFORD UNIVERSITY STRATEGY,1
961,this is an institutional commitment — a stanford commitment — one that will transcend inevitable leadership changes over time.,STANFORD UNIVERSITY STRATEGY,1
962,engagement with the community revealed a lack of clarity surrounding ideal which this plan will help remedy by providing a clear and comprehensive definition of ideal for our community.,STANFORD UNIVERSITY STRATEGY,0
963,this will both garner support for this critical effort and equip our community to counter any misinterpretations of what ideal is and aims to accomplish.,STANFORD UNIVERSITY STRATEGY,0
964,"we recognize that there is still much ground to cover to create the campus climate and culture envisioned by ideal; however, we take pride in the measurable progress achieved thus far through the dedicated efforts of faculty, staff, and students.",STANFORD UNIVERSITY STRATEGY,1
965,"sincerely, persis drell, provost patrick dunkley, vice provost for institutional equity, access, and community, and special advisor to the president “higher education has the mission to advance human welfare in a rapidly changing world.",STANFORD UNIVERSITY STRATEGY,1
966,"institutions that are truly inclusive and embrace and advance diversity everywhere – in every program, every school and every area of operation – will be the most successful.",STANFORD UNIVERSITY STRATEGY,1
967,"recognizing this, we must clearly articulate why diversity, equity and inclusion are important to us, how these values support the mission of the university, and what goals we have set to advance our commitment to them.",STANFORD UNIVERSITY STRATEGY,1
968,” -provost’s statement on diversity and inclusion academic freedom and ideal academic freedom is the very lifeblood of our institution.,STANFORD UNIVERSITY STRATEGY,1
969,"it is the principle that lies at the heart of our endeavor to continually ask new questions, explore new avenues of inquiry, consider new alternatives, and ultimately, develop new knowledge.",STANFORD UNIVERSITY STRATEGY,0
970,"academic freedom allows scholars to engage in open inquiry that can challenge systems, beliefs, and societal norms even when doing so is uncomfortable, unpopular, or controversial.",STANFORD UNIVERSITY STRATEGY,1
971,"in pursuit of academic freedom, it is critical to cultivate and sustain an environment that is welcoming to people of all backgrounds and all points of view.",STANFORD UNIVERSITY STRATEGY,1
972,"while there may be occasional tensions in an environment where both academic freedom and inclusion are respected, these values can complement one another.",STANFORD UNIVERSITY STRATEGY,1
973,"the simultaneous pursuit of academic freedom and inclusion is not only possible, it is integral to the goals of ideal and essential to stanford’s continual quest for excellence.",STANFORD UNIVERSITY STRATEGY,1
974,"the goals of ideal through ideal, we strive to ensure that a diversity of cultures, races and ethnicities, genders, political and religious beliefs, physical and learning differences, sexual orientations, and identities is thriving on our campus.",STANFORD UNIVERSITY STRATEGY,1
975,"page 3 page 4 page 5 definitions of frequently used terms key definitions inclusion, diversity, equity, and access are four short words used to encompass a set of substantive principles and practices aimed at effecting and sustaining environments where individuals from a broad spectrum of backgrounds 1) feel valued, respected, and supported; (2) can access opportunity regardless of their background or identity; and (3) can participate and contribute to the fullest extent.",STANFORD UNIVERSITY STRATEGY,1
976,"inclusion is the practice of being intentional about involving and engaging with individuals of diverse identities or viewpoints, thereby giving voice to and valuing diverse perspectives.",STANFORD UNIVERSITY STRATEGY,1
977,"these differences can be visible or invisible and include but are not limited to race, ethnicity, gender, disability, gender identity, sexual orientation, socio-economic status, national origin, citizenship, caste, language, education, age, geography, family background, neurodiversity, religion, veteran status, ideology, experience, thinking, and communication styles.",STANFORD UNIVERSITY STRATEGY,0
978,"equity means working to ensure that there are no institutional or historical impediments that may prevent some individuals from having full access to the same opportunities, rewards, and resources as their peers.",STANFORD UNIVERSITY STRATEGY,1
979,"access means creating living, learning, and working environments that are free of physical, social, economic, psychological, technological, and cultural barriers to participation, and where all members of the university community can participate fully.",STANFORD UNIVERSITY STRATEGY,1
980,learning environment refers to where and how we carry out the research and educational mission of the university.“our objective with this plan is to inspire our campus community to collectively effect transformative change.,STANFORD UNIVERSITY STRATEGY,1
981,ideal will have greater impact if we merge our energies in pursuit of a more equitable and inclusive environment.,STANFORD UNIVERSITY STRATEGY,1
982,"” patrick dunkley, jd vice provost for institutional equity, access, and community | special advisor to the president | executive director of ideal “we are the changemakers we seek.",STANFORD UNIVERSITY STRATEGY,1
983,"my hope is that we create a diverse and equitable ecosystem, one in which everyone can bring their whole, authentic selves to work and feel like they belong… where race (or any other social identity) will no longer be a factor in the assessment of merit, or the distribution of opportunity so that all faculty, staff and students can reach their full potential and truly thrive.",STANFORD UNIVERSITY STRATEGY,1
984,page 6 ideal strategic plan — introduction why is ideal important to stanford?,STANFORD UNIVERSITY STRATEGY,0
985,"inclusion, diversity, equity, and access in a learning environment ideal is a landmark effort of the university’s long-range vision announced in 2018. stanford’s vision includes the following four themes, and woven throughout these themes is a commitment to promoting the welfare of people everywhere: 1) sustaining life on earth, 2) accelerating solutions for humanity, 3) catalyzing discovery in every field, and 4) preparing citizens and leaders.",STANFORD UNIVERSITY STRATEGY,1
986,"at its core, a university is devoted to the discovery and transmission of knowledge.",STANFORD UNIVERSITY STRATEGY,1
987,"to advance education, it is essential to be exposed to views and cultures other than one’s own and to have one’s opinions and assumptions discussed, debated, and challenged.",STANFORD UNIVERSITY STRATEGY,1
988,"recognizing this, we must clearly articulate why values such as embracing differences and ensuring equity of treatment are important to us, what goals we have set to advance our commitment to them, and the actions we will take to achieve these goals.",STANFORD UNIVERSITY STRATEGY,1
989,the ideal initiative serves as the vehicle through which the university will do this.,STANFORD UNIVERSITY STRATEGY,0
990,"the survey data revealed broad prevalence of experiences of negative behavior throughout the university community — and students, postdoctoral scholars, faculty, and staff have experienced these behaviors across every stanford school and in nearly every department and work unit represented in the data.",STANFORD UNIVERSITY STRATEGY,0
991,this strategic plan’s ultimate aim is to serve as a “north star” that guides transformative change in our campus environment.,STANFORD UNIVERSITY STRATEGY,1
992,"the plan will achieve this goal by fostering alignment and collaborative efforts, university-wide, through ideal.",STANFORD UNIVERSITY STRATEGY,0
993,"it will advance initiatives that support the four institutional ideal goals that were formulated through extensive input from the university community.page 7 overview of campus climate baseline assessment the ideal climate survey in may 2021, stanford administered a diversity, equity, and inclusion survey as part of the ideal initiative.",STANFORD UNIVERSITY STRATEGY,1
994,"in addition to highlighting the broad prevalence of these experiences at stanford, it is critical to emphasize that the impact of these negative experiences is not uniformly distributed across the stanford community, as demonstrated in the chart below: page 9 the path forward to inclusive excellence major themes | recommendations from the university community our path to inclusive excellence is grounded in the unwavering institutional commitment to promote the goals of ideal while never compromising excellence in our mission of research and education.",STANFORD UNIVERSITY STRATEGY,1
995,"it was with a firm understanding of this commitment that the 2021 ideal climate survey findings were enriched through dialogue with our community in a series of focus groups with students, postdoctoral scholars, faculty, staff, and alumni in 2022. participants provided the recommendations below to address the survey’s findings: 8 increase diversity across all populations 8 improve communication about diversity, equity, and inclusion issues 8 improve reporting and accountability 8 improve support for people from marginalized identities 8 increase access to diversity, equity, and inclusion education opportunities 8 provide more centralized diversity, equity, and inclusion resources confronting the problem | intentional pursuit of systemic change given the broad prevalence of the negative behaviors represented in the survey data, the university must effect systemic climate and culture change.",STANFORD UNIVERSITY STRATEGY,1
996,"to achieve this goal, it must have a clear vision, strategic direction, and sustained institution-wide action through ideal.",STANFORD UNIVERSITY STRATEGY,0
997,"below is a summary of outcomes of this strategic plan.page 10ideal | stewarding collective action university-wide the ideal strategic plan signifies the transition of ideal from a set of university-sponsored initiatives to an umbrella framework that will guide work in support of inclusion, diversity, equity, and access across the university.",STANFORD UNIVERSITY STRATEGY,1
998,"through this transition, the university aims to align efforts across its multiple schools, units, and departments, scale successful practices, and promote a consistent message of inclusive excellence.",STANFORD UNIVERSITY STRATEGY,1
999,"as such, implementing this strategic plan will foster and sustain stronger alignment and collaboration between decentralized ideal staff and schools, units, and departments.",STANFORD UNIVERSITY STRATEGY,0
1000,"collectively, these priorities and goals are intended as an institutional “north star” that guides transformation.",STANFORD UNIVERSITY STRATEGY,1
1001,diversity: diversity is the representation and valuing of all our many identities and differences collectively and as individuals.,STANFORD UNIVERSITY STRATEGY,1
1002,equity: equity is a process of implementing systems that aim to eliminate disparities and improve opportunities for everyone.,STANFORD UNIVERSITY STRATEGY,1
1003,"inclusion: inclusion is a set of intentional practices that enhance our culture and where each individual and group is respected, supported, valued and appreciated.",STANFORD UNIVERSITY STRATEGY,1
1004,"belonging: in an environment that embraces diversity, equity, and inclusion, belonging is a state of being where everyone can find connection and feel page 11 page 12 priority 1: reinforce institutional commitment to ideal goal 1: reinforce stanford’s commitment to a respectful, inclusive, diverse, equitable, and accessible university environment while at all times upholding the fundamental principles of academic freedom, freedom of expression, and excellence.",STANFORD UNIVERSITY STRATEGY,1
1005,"priority 2: shift the campus culture and climate goal 2: enhance the campus culture by facilitating an environment where members of the stanford community have a voice, are actively engaged, and experience a sense of belonging while interacting with the university’s living, learning, working, and research environments.",STANFORD UNIVERSITY STRATEGY,1
1006,"priority 3: elevate equity and in-crease access goal 3: improve equity through policies, practices, and infrastructure that ensure members of our community have full and equitable access to resources, rewards, and opportunities.",STANFORD UNIVERSITY STRATEGY,1
1007,"identify gaps and use insights to broaden the diversity of students, postdoctoral scholars, faculty, and staff.page 13 ideal goals, objectives, and strategies structure of the ideal goals our institutional ideal goals serve as foundational cornerstones in this strategic plan.",STANFORD UNIVERSITY STRATEGY,1
1008,"for each goal, we have identified several objectives that provide direction on what we want to achieve.",STANFORD UNIVERSITY STRATEGY,0
1009,"these objectives, in turn, are supported by strategies that map out multiple approaches.",STANFORD UNIVERSITY STRATEGY,0
1010,"finally, at the tactical level, we will implement actionable initiatives to bring the strategies to fruition in stanford’s schools, units, and departments and at the institutional level.",STANFORD UNIVERSITY STRATEGY,0
1011,"responsibility levels for strategies given the myriad available resources and operational approaches in the university’s decentralized environment, there is no expectation that any single entity will be able or need to implement every strategy recommended.",STANFORD UNIVERSITY STRATEGY,0
1012,"however, when a school, unit, or department adopts a strategy, there must be a framework for identifying which entity is accountable for executing that strategy.",STANFORD UNIVERSITY STRATEGY,0
1013,"as such, each strategy outlined in this plan has an assigned responsibility level (rl).",STANFORD UNIVERSITY STRATEGY,0
1014,"• institutional (i): strategies listed as institution will be facilitated at the university level and organizations may be given the opportunity to collaborate, if desired.",STANFORD UNIVERSITY STRATEGY,0
1015,"• school, unit, or department (s, u, d): strategies listed as school, unit, and/or department responsibilities could be facilitated at local levels, as each organization has available resources and goals that align.",STANFORD UNIVERSITY STRATEGY,0
1016,"as an example: rl: i, s, u, d would imply that a strategy is appropriate to be implemented at the institution, school, unit, and/or department levels, while a strategy with rl: i should be coordinated at the university-wide level only.",STANFORD UNIVERSITY STRATEGY,0
1017,"strategies: 1. ensure sustained institutional focus on ideal, and in collaboration with school, unit, and department leaders, position ideal as the nexus that connects university-wide initiatives to institutional ideal goals.",STANFORD UNIVERSITY STRATEGY,1
1018,"rl: i 2. publish and keep an up-to-date inventory of ideal initiatives within schools, units, and departments so that members of the university community are aware of the progress being made university-wide.",STANFORD UNIVERSITY STRATEGY,0
1019,"rl: i 3. continue examination of the university’s history of addressing exclusion of and discrimination against historically marginalized populations to leverage areas where there have been successes, and use lessons learned to shape an inclusive institution that people of all identities can access and thrive within.",STANFORD UNIVERSITY STRATEGY,1
1020,"strategies: 1. ensure the office of the vice provost for institutional equity, access, and community is able to fulfill its obligation as steward of ideal in partnership with related university offices.",STANFORD UNIVERSITY STRATEGY,1
1021,"rl: i 2. ensure all units have the support they need to implement the ideal strategic plan and advance the goals, objectives, and strategies.",STANFORD UNIVERSITY STRATEGY,0
1022,rl: i 3. support periodic reporting on institutional and unit progress against the ideal strategic plan.,STANFORD UNIVERSITY STRATEGY,0
1023,"strategies: 1. expand research at stanford to acquire deeper insights into gaps, areas for improvement, and practices that have a positive impact in support of ideal goals.",STANFORD UNIVERSITY STRATEGY,1
1024,"rl: i, s, d 2. create mechanisms for broad access to subject matter experts who provide guidance and feedback on local and campus-wide initiatives to ensure that the impact of ideal initiatives meets the desired purposes.",STANFORD UNIVERSITY STRATEGY,1
1025,"strategies: 1. facilitate streamlined institutional communications for ideal with expanded communications channels including newsletter and social media, and redesign and maintain the ideal website to provide access to resources and progress reports on the ideal strategic plan implementation, and for ideal communication updates.",STANFORD UNIVERSITY STRATEGY,0
1026,"rl: i page 18 goal 2: enhance the campus culture by facilitating an environment where members of the stanford community have a voice, are actively engaged, and experience a sense of belonging while interacting with the university’s living, learning, working, and research environments.",STANFORD UNIVERSITY STRATEGY,1
1027,"rl: i, s, u 4. recognize and reward individuals, groups, and departments that contribute to a culture of respect, inclusion, and belonging.",STANFORD UNIVERSITY STRATEGY,1
1028,strategies: 1. ensure a culture of respect that upholds academic freedom and freedom of expression in the campus environment.,STANFORD UNIVERSITY STRATEGY,1
1029,"rl: i, s, u, d 2. support university efforts to create an environment where a diversity of opinions can flourish and where attempts to silence the speech of others are not tolerated.",STANFORD UNIVERSITY STRATEGY,1
1030,"in a truly inclusive culture, people of diverse backgrounds and perspectives have a voice and feel empowered to participate in active, respectful, and civil discourse.",STANFORD UNIVERSITY STRATEGY,1
1031,"rl: i, s, u, d 3. provide educational opportunities for university community members to encounter a diversity of perspectives that expand critical thinking.",STANFORD UNIVERSITY STRATEGY,1
1032,"rl: i, s, u, d 4. provide educational opportunities for university community members — at all levels — to develop the skills needed for constructive and respectful dialogue when engaging in conversations with others who hold divergent perspectives.",STANFORD UNIVERSITY STRATEGY,1
1033,strategies: 1. encourage a classroom culture in which students of all identities and with all perspectives are supported to participate fully in the learning process.,STANFORD UNIVERSITY STRATEGY,1
1034,rl: i 3. take steps to ensure that formal and informal mechanisms for addressing conflict and concern are adequately known to and accessible by community members.,STANFORD UNIVERSITY STRATEGY,1
1035,"rl: i 2. continue the examination of the use of names, symbols, and representations that have been traditionally associated with or used by the university and replace them where there is strong evidence that they can prevent inclusion.",STANFORD UNIVERSITY STRATEGY,1
1036,"rl: i, s, u, d 2. provide educational opportunities for individuals in evaluative relationships and incorporate topics such as inclusive leadership, coaching techniques, conflict management, and creating psychological safety.",STANFORD UNIVERSITY STRATEGY,0
1037,"” ayodele thomas, phd associate vice president, diversity, equity, inclusion & belonging university human resources page 22 goal 3: advance equity through policies, practices, and infrastructure that ensure all members of our community have full and equitable access to resources, rewards, and opportunities.",STANFORD UNIVERSITY STRATEGY,1
1038,"strategies: 1. conduct periodic equity audits on reward systems and structures to ensure that all members of the university community have equitable access to university resources, rewards, and opportunities for development and advancement.",STANFORD UNIVERSITY STRATEGY,1
1039,"rl: i 3. ensure that inclusive practices are integrated into the employee life cycle with a focus on new employee integration, talent development, performance management, advancement, and retention.",STANFORD UNIVERSITY STRATEGY,1
1040,"strategies: 1. inventory disability services and resources to assess the effectiveness and capacity of current programs to support campus needs, and provide the resources needed to ensure sufficiency for all community members.",STANFORD UNIVERSITY STRATEGY,1
1041,"strategies for broadening faculty diversity: 1. evaluate existing recruitment and selection processes for faculty and recommend methodologies that promote equitable opportunities and inclusion, and support such actions from schools and departments.",STANFORD UNIVERSITY STRATEGY,1
1042,"rl: i 2. ensure that outreach initiatives, policies, and funding models are conducive to recruiting, retaining, and advancing a more diverse faculty, and support such actions from schools and departments.",STANFORD UNIVERSITY STRATEGY,1
1043,rl: i 2. provide education for all staff engaged with recruitment and selection activities with focus on equitable and inclusive recruitment and selection practices.,STANFORD UNIVERSITY STRATEGY,1
1044,"rl: i 1 with an understanding of the importance of faculty governance for matters related to the hiring, retention, or advancement of faculty, all strategies that address these areas will be conducted under the leadership of the office of faculty development, diversity and engagement, faculty affairs, or such other faculty lead group as deemed appropriate.",STANFORD UNIVERSITY STRATEGY,1
1045,"strategies: 1. identify barriers that might be contributing to disproportionate representation, retention, and turnover of underrepresented faculty and staff and provide solutions for addressing the problems identified.",STANFORD UNIVERSITY STRATEGY,1
1046,"rl: i, s, u, d 3. ensure professional development opportunities are available for all faculty and staff and establish consistent promotion criteria throughout the university to create a pipeline for increased representation in leadership positions.",STANFORD UNIVERSITY STRATEGY,1
1047,"below is an overview of the strategic planning process: 1. ideal climate survey: in may 2021, the ideal climate survey was conducted establishing a baseline for campus diversity, equity, and inclusion climate and culture.",STANFORD UNIVERSITY STRATEGY,0
1048,this is our rationale for beginning with a five-year strategic plan followed by subsequent five-year cycles that leverage insights gained from each prior implementation phase.,STANFORD UNIVERSITY STRATEGY,0
1049,"implementation | organizational readiness period to address the multifaceted challenges highlighted in the 2021 ideal climate survey, it is essential to prioritize preparation time at the institutional and local levels, where needed.",STANFORD UNIVERSITY STRATEGY,0
1050,"this will enable the university to conduct needs assessments and, where appropriate, acquire and/or allocate resources for implementation activities, and to develop or adjust local-level strategic plans to align with ideal goals.",STANFORD UNIVERSITY STRATEGY,0
1051,"these challenges are: • access to institutional data • uneven access to resources across organizations • lack of coordinated approaches informed by evidence-based research • inadequate institutional infrastructure to support ransformational change implementation | flexibility and autonomy for units the goals, objectives, and strategies in this plan constitute a flexible framework for schools, units, and departments to guide their local-level implementation efforts in support of the university’s overarching ideal goals.",STANFORD UNIVERSITY STRATEGY,0
1052,"this means that there is the flexibility for each school, unit, and/or department to decide which of the objectives and strategies to prioritize for local implementation over the course of the first five-year cycle.",STANFORD UNIVERSITY STRATEGY,0
1053,page 29 ideal strategic plan | implementation oversight the following teams will guide the overall implementation of this strategic plan.,STANFORD UNIVERSITY STRATEGY,0
1054,1. ideal leadership team the existing ideal leadership team will provide guidance to the strategic plan implementation working group described below.,STANFORD UNIVERSITY STRATEGY,0
1055,"this leadership team is composed of the provost, vice provost for institutional equity, access, and community, vice provost for academic affairs, vice provost for undergraduate education, vice provost for graduate education, vice provost for student affairs, vice provost for faculty development, diversity and engagement, vice president for human resources, dean of the graduate school of education, and representatives from university communications, and institutional research and decision support.",STANFORD UNIVERSITY STRATEGY,0
1056,the team will be provided with regular implementation updates from the working group and will be consulted on progress with the strategic plan implementation.,STANFORD UNIVERSITY STRATEGY,0
1057,"2. organizations with responsibility for core populations a. students and postdoctoral scholars: the office of the vice provost for graduate education (vpge), the office of the vice provost for undergraduate education (vpue), the office of the vice provost for student affairs (vpsa), and the office of postdoctoral affairs (opa) will oversee elements of this strategic plan that relate to student and postdoctoral scholar populations.",STANFORD UNIVERSITY STRATEGY,0
1058,"b. faculty: the office of faculty development, diversity and engagement (ofdde) and faculty affairs (fa) will oversee elements of this strategic plan that relate to faculty.",STANFORD UNIVERSITY STRATEGY,0
1059,"c. staff: university human resources and its office of diversity, equity, inclusion & belonging, and the senior advisor to the provost on equity and inclusion will oversee elements of this strategic plan that relate to staff populations.",STANFORD UNIVERSITY STRATEGY,0
1060,"page 30 3. strategic plan implementation working group this working group is tasked with driving the implementation of strategies outlined in the strategic plan by coordinating with organizations responsible for implementation at the university level, defining and/or identifying practical and actionable tactics for local implementation, and documenting timelines for implementation and metrics and measures to drive accountability.",STANFORD UNIVERSITY STRATEGY,0
1061,"this crossfunctional working group will be composed primarily of staff including ideal professionals (subject matter experts in inclusion, diversity, equity, and access).",STANFORD UNIVERSITY STRATEGY,0
1062,"4. stanford community engagement regular updates and opportunities for feedback will be provided to representative bodies (e.g., faculty senate, assu) as well as representatives from schools, units, and departments, and faculty, postdocs, and students to ensure a diversity of perspectives.",STANFORD UNIVERSITY STRATEGY,1
1063,"5. office of the vice provost for institutional equity, access, and community (vp-ieac) vp-ieac will facilitate the implementation of the ideal strategic plan in collaboration and consultation with each of the above groups.",STANFORD UNIVERSITY STRATEGY,0
1064,"as the five-year strategic plan progresses, vp-ieac will maintain ongoing communication with school, unit, and department leaders to stay informed about the progress, obstacles, and achievements throughout the implementation process.",STANFORD UNIVERSITY STRATEGY,0
1065,"page 31 markers of success framework a framework for analyzing progress in order to effectively gauge the impact and progress of the ideal strategic plan, it is crucial to establish clear markers of success.",STANFORD UNIVERSITY STRATEGY,0
1066,"these markers will enable us to assess our achievements, identify areas for improvement, and ensure that the strategic plan translates into concrete and transformative outcomes.",STANFORD UNIVERSITY STRATEGY,0
1067,"to advance this objective, in the coming months the strategic plan implementation working group will develop process and outcome metrics and markers of success, for the strategies prioritized for implementation.",STANFORD UNIVERSITY STRATEGY,0
1068,"in the interim, at a high level, we will know we are succeeding when stanford thrives as an inclusive, diverse, equitable, and accessible institution that embraces the core values of academic freedom, freedom of expression, and inclusive excellence.",STANFORD UNIVERSITY STRATEGY,1
1069,"our success will be evident by a community that reflects the diverse world we inhabit; a vibrant campus culture that empowers members of the community by ensuring their voices are heard; full and equitable access to resources, rewards, and opportunities; and a sense of belonging that becomes evident across all aspects of university life.",STANFORD UNIVERSITY STRATEGY,1
1070,below are some markers of success that will help us gauge the impact and progress of the ideal strategic plan.,STANFORD UNIVERSITY STRATEGY,0
1071,"8 freedom of expression: the campus environment encourages respectful dialogue, dissenting opinions are valued, and differing perspectives can be shared without fear of retribution.",STANFORD UNIVERSITY STRATEGY,1
1072,8 infrastructure support systems to track and assess progress: implemented infrastructure to collect data and information on ideal initiatives and for tracking university-wide progress against the established markers of success.,STANFORD UNIVERSITY STRATEGY,0
1073,8 measure and report on institutional progress: augmented accountability and periodic institutional progress updates are distributed to the university community during the strategic plan cycle.,STANFORD UNIVERSITY STRATEGY,1
1074,your voices and perspectives have been invaluable in shaping this plan and ensuring that it reflects the community’s aspirations for a more equitable and inclusive university.,STANFORD UNIVERSITY STRATEGY,1
1075,"your commitment has been critical in ensuring that this plan is comprehensive, actionable, and responsive to the needs of our community.",STANFORD UNIVERSITY STRATEGY,1
1076,"finally, we thank the ideal leadership team for their support and commitment to advancing ideal and for their insights related to this strategic plan.",STANFORD UNIVERSITY STRATEGY,1
1077,"your vision and guidance have been instrumental in ensuring that this plan is aligned with the university’s mission, long-range vision, and institutional priorities.",STANFORD UNIVERSITY STRATEGY,1
1078,"while an important piece in the early stages of our strategic plan was the distinction of becoming a national research university (nru) in the state of texas, now that we have achieved that status, our focuses must be reviewed to meet the ever-changing climate of higher education and adjusted, if necessary , to accommodate future growth.",Texas Tech University,0
1079,"within the pages of this strategic plan are alterations–some modest, others more grand–to assist texas tech in moving forward.",Texas Tech University,0
1080,"since receiving nru status and benefiting nearly $8 million annually from the national research university fund, texas tech has bolstered its research funding and has dramatically increased its research and academic profiles nationally .",Texas Tech University,0
1081,our peers are recognizing texas tech’s presence in the research and academic communities.,Texas Tech University,0
1082,"we are accomplishing this through enhanced outreach efforts, including collaborations with other universities, both in the united states and abroad, and through partnerships with industry leaders such as bayer cropscience the content of this strategic plan presents a road map toward future successes and offers a brief reflection from where we’ve come.",Texas Tech University,0
1083,"texas tech’s sights are set firmly on the future as a national research university , while riding and building upon our past successes.",Texas Tech University,0
1084,since then the university has focused on the next phase of texas tech’s evolution: enhancing our position as a great teaching and research university while achieving the characteristics of what are generally regarded as tier one universities.,Texas Tech University,0
1085,"in 2009, the legislature not only provided for the creation of the nruf , they also established the texas research incentive program (trip) to provide additional funding for the eight emerging research universities (eru).",Texas Tech University,0
1086,"since the inception of that program, the legislature has set aside $153 million dollars for use as matching of gifts that support research activities.",Texas Tech University,0
1087,"so far, texas tech university has received over $55 million in trip matching, more than any other eru.",Texas Tech University,0
1088,"although there is no universally agreed-upon set of criteria for what constitutes a ‘tier one’ university , this distinction is used to describe schools that award large numbers of doctoral degrees, receive hundreds of millions in research dollars, have a distinguished faculty noted for its scholarship and creative activity , and enroll an excellent student body .",Texas Tech University,0
1089,"in addition, these schools typically appear in the list of top research universities published by the center for measuring university performance (cmup), have excellent graduate programs as recognized by the national research council rankings, are characterized as ‘very high research’ by the carnegie foundation for the advancement of education, and rank well in outlets such as the u.s. news & world report (usnwr) best colleges annual rankings.",Texas Tech University,0
1090,"whereas many institutions regarded as tier one are not members of the association of american universities (aau), certainly membership in the aau is a recognized distinction of tier one institutions.",Texas Tech University,0
1091,"in addition to these tables are sets of key strategies and key challenges, along with any adjust - ments to goals and/or targets.",Texas Tech University,0
1092,"as ttu continues to move toward tier one status, we will be especially focused on the following priorities: » maintain our designation as a community engaged university , as classified by the carnegie foundation for the advancement of teaching.",Texas Tech University,1
1093,"» continue efforts that will position texas tech as a national exem - plar of retention, persistence, and graduation of students.",Texas Tech University,0
1094,"the institution’s classification will be renewed in 2016, when it is anticipated that texas tech will move into the foundation’s highest classification – very high research.",Texas Tech University,0
1095,• membership in the aau is based on a set of indicators used to assess current and potential new members.,Texas Tech University,0
1096,what are known membership indicators (phase i and phase ii) constitute the first stage of membership assessment.,Texas Tech University,0
1097,"phase i includes assessment of competitively funded federal research support as defined through the national science foundation ( nsf), united states department of agriculture funding that can be separately identified and reported, and higher education research and development ( herd) survey data system.",Texas Tech University,0
1098,"also important are faculty memberships in the national academies: national academy of science (nas), national academy of engineering ( nae), institute of medicine ( iom), and the national academies’ national research council ( nrc) fac - ulty quality ranking.",Texas Tech University,0
1099,"following the addition of three national academy of engineering hires in 2013, we now have four faculty in a national academy .",Texas Tech University,0
1100,"ttu’s fall freshman student class was one of the most academically talented ever, based upon an average sat score of 1115 and an average act score of 25. while freshman selectivity has improved during the past decade, more needs to be done to enroll an even greater share of the best and brightest undergraduate and graduate student talent.",Texas Tech University,0
1101,"texas tech has recently committed to improving its six-year graduation rate to 70% and one-year retention rate to 90%, through an aggressive retention and success campaign.",Texas Tech University,0
1102,ttu is in the process of implementing a wide range of strategies to enhance student success.,Texas Tech University,0
1103,"to reach a broader segment of nontraditional students and to provide convenience to residential students, ttu will continue to expand ttu worldwide elearning.",Texas Tech University,0
1104,"the university has developed a number of distinctive, successful online programs, including a grad - uate engineering degree program, which is ranked 20th in the latest u.s. news & world report rankings of online programs.",Texas Tech University,0
1105,6. review and assess enrollment services as well as academic and student support.,Texas Tech University,0
1106,9. grow graduate school endow - ments that provide supplements to departmental stipends and to launch a new presidential fellowship program aimed at attracting the highest caliber applicants by providing nationally competitive stipends.,Texas Tech University,0
1107,5. retaining high-performing staff with key skills that support institu - tional priorities.,Texas Tech University,0
1108,"key strategies 1. promote, cultivate, and sup - port applications for prestigious national faculty awards, fellow - ships, and scholarships, particularly those tracked by the center for measuring university performance and the texas higher education coordinating board and codify the list of recognitions that are eligible for special financial considerations.",Texas Tech University,0
1109,11. increase support for graduate students by exploring additional fee and tuition waivers as well as enhanced opportunities for university fellowships and scholarships.,Texas Tech University,0
1110,13. continue to expand the services offered by the office of national scholarships and international scholarships and fellowships that promote and cultivate the application for prestigious national student awards.,Texas Tech University,0
1111,14. support the role of the teach - ing academy to facilitate dialogue about campus teaching excellence and faculty-student engagement.,Texas Tech University,0
1112,2. consistent and rigorous annual faculty assessments to identify fac - ulty members deserving of merit and other productivity based support.,Texas Tech University,0
1113,"d. expanding college and departmental support for proposal development and post-award administration e. supporting large multidis - ciplinary , multi-institutional research partnerships that pursue major funding opportunities f. promoting opportunities for increased collaborations for research with state and national organizations/associations through the regional center at junction and the llano river field station g. expanding the faculty proposal development program, the young investigator forum, and the editorial and proposal review services h. actively coordinating central administration and college support to promote more cross-disciplinary and transdisciplinary research 2. increase graduate student support by: a. increasing the number of graduate students and postdoctoral scholars that submit fellowship applications to external entities b. developing mechanisms to encourage greater inclusion of research assistantships in externally funded grants and contracts to support graduate students c. continuing to provide insti - tutional funds that support graduate student recruitment and retention 3. enhance recognition of cre - ative and scholarly work in arts and humanities.",Texas Tech University,0
1114,7. encourage entrepreneurial activity and innovation and continue to develop plans for the research park and its role in support of commercialization and startup incubation.,Texas Tech University,0
1115,8. continue to support under - graduate research initiative fund - ing through the center for active learning and undergraduate engagement (calue).,Texas Tech University,0
1116,"9. promote and support a safety culture that emphasizes training and compliance, including the establishment of health and safety committees in colleges, centers, or departments as suited to disciplin - ary complexity .",Texas Tech University,1
1117,"2. develop unified and standardize communication, both internally and externally , that highlight ttu’s community outreach and engage - ment programs as well as faculty , staff and student engagement activities.",Texas Tech University,0
1118,4. promote and develop engaged scholarship by: a. developing a small grants program for faculty and staff to encourage and promote engagement and outreach.,Texas Tech University,0
1119,"6. improve national recognition in engaged scholarship through greater involvement in interna - tional, national, and regional organizations that promote and support engagement in higher education.",Texas Tech University,0
1120,"key challenges 7. lack of understanding of the various types of outreach and/or engagement, for example facultystudent engagement, faculty and/ or student community outreach, community engagement, institu - tional outreach and/or engage - ment.",Texas Tech University,0
1121,12. limitations in identifying suf - ficient and sustainable funding to support major action steps.,Texas Tech University,0
1122,"16. need to accommodate com - munity partners’ ability to schedule and provide access to ttu faculty , staff, and students engaging in community participation.",Texas Tech University,0
1123,10. continue to increase recycling and sustainability efforts on campus 11. conduct a comprehensive review of all levels of research and academic space renovation needs that directly support the teaching and research missions.,Texas Tech University,0
1124,"12. work with human resources to ensure that faculty members are aware of currently underutilized benefits, such as personal financial planning seminars and employee assistance programs.",Texas Tech University,0
1125,"the university also continues its membership in the engagement scholarship consortium ( esc), a group of 22 north american research institutions focused on increasing institutional capacities to serve their respective communities.",Texas Tech University,1
1126,"the results demonstrated that texas tech is, in fact, actively engaged in partnering with its community and around the world.",Texas Tech University,0
1127,"going forward, the office of planning and assessment and the office of institutional research will be collaborating to redesign the outreach and engagement survey to further improve the items, enhance instrument reliability , and increase the validity of data collected.",Texas Tech University,0
1128,"our goal is to create a comprehensive plan for defining, measuring, and analyzing the impact texas tech has on local, regional, national and international communities.",Texas Tech University,0
1129,"while the revised instrument is a marked improvement from our previous survey , further progress is needed to more accurately capture our institution’s strong investment in community outreach and engagement, as well as to identify areas in need of change.",Texas Tech University,1
1130,"2 we worked together last year to create our ses strategic plan, and we launched it in september 2024. through the work we do every day, we have all impacted the progress of our strategic goals.",University of Calgaryl,0
1131,"in keeping with our commitment for ongoing engagement, here’s a mid-year update of the progress we have collectively made.",University of Calgaryl,1
1132,the swas structure has been aligned with three (3) distinct pillars: ∞ health and wellness clinic ∞ campus wellbeing services; and ∞ student accessibility services (sas).,University of Calgaryl,0
1133,"it includes a new role, director health and counselling, to promote integrated operations.",University of Calgaryl,0
1134,"in addition, we are working to: ∞ develop a swas service model across health/counselling, accessibility, and campus wellbeing while also developing service standards; and ∞ complete online appointment booking system review (aligned with web revamp) to capture current state, define target state and execute transformation progress same day mental health appointments were also launched in september.",University of Calgaryl,0
1135,"in terms of swas staffing, profiles have been reviewed to provide role clarity and avoid task repetition between teams.",University of Calgaryl,0
1136,this will enhance the client experience and optimize how quickly they flow through our system and receive the support they need.,University of Calgaryl,0
1137,additional staffing in student accessibility services (sas) has been added to build capacity.,University of Calgaryl,0
1138,"3 review student wellness, access and support (swas) services, implement recommendations 50%year 1 year 2 year 34 strategic goal 2 investing in the success, growth and recognition of our people annual professional development (pd) day for all staff and faculty back by popular demand, ses pd day was held june 26, 2024. we achieved our objectives of promoting staff growth and building team culture within ses, in alignment with the strategic goal of investing in our people.",University of Calgaryl,1
1139,"view the results of the pd day survey vacation is an essential part of our working life, to maintain our wellbeing, so that when we are at work, we can be fully present.",University of Calgaryl,1
1140,everyone has been working hard together to ensure that they are taking and using up outstanding vacation.,University of Calgaryl,0
1141,engage staff in career growth opportunities and effective succession planning through the launch of cross-training initiatives and career development programming for ses.,University of Calgaryl,0
1142,develop a process to ensure ses staff can fully utilize their annual vacation time.,University of Calgaryl,0
1143,this learning will take place through monthly connections and self-guided learning.,University of Calgaryl,0
1144,"these meetings are in addition to pd day, making a total of five professional development engagements per year.",University of Calgaryl,0
1145,"the hub has also benefited from high student engagement in volunteer roles, with 32 active student volunteers during the fall term.",University of Calgaryl,0
1146,"a what we heard report of core event themes has been prepared, which includes: ∞ invest to expand existing supports ∞ improve communication and awareness of existing supports ∞ increase collaboration with internal and external partners, and ∞ continue engagement with students on these important topics while remaining transparent on progress.",University of Calgaryl,1
1147,"50%year 1 year 2 refine the model to coordinate, assess and respond to students in crisis the national association of behavioral intervention and threat assessment (nabita) has been approved as the new model for reviewing and assessing risk related to student behaviour.",University of Calgaryl,0
1148,"a core team, the assessment and care team (act), has been assembled to enact this model when coordinating support for students in crisis, and have been certified by nabita to do this work.",University of Calgaryl,0
1149,"a new role of specialist, assessment and care team has been posted and once recruited, will develop and pilot educational materials to support our campus community in threat management.",University of Calgaryl,0
1150,"the assessment and care team includes key partners across the institution, and our associated act network will comprise partners who will be trained and included as needed.",University of Calgaryl,0
1151,"50%year 1 year 2 review, develop and enhance education and resources for the campus community work is in progress.6 strategic goal 4 achieving operational excellence and sustainability we are continuously evaluating our programs and services, focusing our resources on the most important and highest priorities to support student needs as well as meet legal requirements and institutional policy.",University of Calgaryl,0
1152,50%year 1 year 2 year 3 we’ve established the terms of reference and membership of an seswide project management working group to support staff to learn and integrate the tools within our day-to-day work.,University of Calgaryl,0
1153,we are developing project management presentations/toolkits for all levels of ses to communicate available toolkit resource while also developing a project management community of practice for ses.,University of Calgaryl,0
1154,"50%year 1 review and align resources to support the highest priorities across ses and the sustainability of our work and our teams develop consistent approach across ses for project management and workflow, and implement process improvement tools to help improve coordination and alignment across units",University of Calgaryl,0
1155,"named in honor of former programdirector david b. walker, award endowed by parashar patel (mpa ‘91) 6 spp students $15,000 awarded uconn gives alumni, current student, and community donors have contributed thousands to fund student scholarships, professional development programming, unexpected hardship funding requests., and funds directed by imrp to support students impacted by the criminal justice system.",University of Connecticut,1
1156,supporting “unity” grant with city of hartford pp 5324 - serving as grant reviewers advancing “anchor initiative” research initiated by harvard kennedy school ‘transition term’ pp 5363: providing research memo and presentation to mayor arulampalam - city of hartford classroom connections student group - gapps the goal of gapps-icma is to serve as a social and intellectual forum for students pursuing an spp degree.,University of Connecticut,0
1157,"gapps-icma is committed to public service, professional development, and having fun.",University of Connecticut,1
1158,connecticut this fee-based program receives supplementary funding from aarp and is designed to support community members looking to transition careers from corporate backgrounds to nonprofit work.,University of Connecticut,0
1159,"ac members have planned events around each county in ct, support spp leaders at functions in washington dc and the state capitol, and regularly support current spp as volunteers for career panels, networking events, and mock interview night.",University of Connecticut,0
1160,"by developing unit-level operational plans that align unit efforts and resources where appropriate with these university goals, the entire university community will work together to ensure uga builds on its recent successes and continues its upward trajectory among leading public research universities.",University of Georgia,0
1161,introduction and strategic directions the university of georgia is in the midst of a remarkable period of growth and development.,University of Georgia,0
1162,"in recent years, the university has reached new heights of excellence across its tripartite mission of teaching, research, and service.",University of Georgia,0
1163,"the academic profile of entering students has never been stronger, and our students are succeeding at record levels across a range of success measures.",University of Georgia,0
1164,"the research and creative activities of our faculty have increased sharply over this period as well, resulting in all-time high research expenditures and the creation of new companies and products to improve our quality of life.",University of Georgia,1
1165,"at the same time, the university’s economic impact on our home state of georgia has expanded and deepened, driven by a nexus of public service and outreach programs that continues to grow stronger.",University of Georgia,1
1166,"philanthropic contributions from alumni and friends, too, have reached record levels, providing critical support for facilities improvements, needbased scholarships, and endowed faculty chairs and professorships, among other priorities.",University of Georgia,0
1167,"because of these and many other achievements, uga’s reputation as a premiere public research university has spread across the nation, while our position on a number of key rankings has climbed even higher.",University of Georgia,0
1168,"against this backdrop, the uga 2025 strategic plan sets the course for continued success and achievement grounded in three broad, missioncentered strategic directions: the university of georgia is in the midst of a remarkable period of growth and development.",University of Georgia,0
1169,"in recent years, the university has reached new heights of excellence across its tripartite mission of teaching, research, and service.",University of Georgia,0
1170,• enhance infrastructure and support for evidence-based teaching methods across the curriculum.,University of Georgia,0
1171,"• promote academic access and success for all students, with particular consideration for underrepresented, rural, first-generation and other underserved students.",University of Georgia,1
1172,"growing research, innovation, and entrepreneurship • provide resources, support, and incentives to nurture a diverse and inclusive culture of excellence in research, innovation, and entrepreneurship.",University of Georgia,1
1173,• promote collaboration among academic units and between these units and external organizations to drive interdisciplinary research and commercial activity.,University of Georgia,0
1174,• broaden opportunities for students to engage with the diversity of communities in georgia and across the nation and world on locally identified needs and issues.,University of Georgia,1
1175,• develop high-impact global partnerships that engage and support uga areas of research and service excellence.,University of Georgia,0
1176,"for each university goal, the the 2025 strategic plan identifies key performance indicators that will be monitored over the next five years to determine progress toward achieving the goals.",University of Georgia,0
1177,"throughout this planning cycle, the university will produce an annual summary that documents progress on the plan and identifies areas where focused effort is needed for continued improvement.",University of Georgia,0
1178,"today, the university’s student completion, retention, and career placement rates are among the strongest in american public higher education, and uga perennially ranks as one of the nation’s very best public universities on measures of educational quality, value, and affordability.",University of Georgia,0
1179,"in recent years, the university has launched a number of strategic initiatives to build on its great strengths in teaching and learning.",University of Georgia,0
1180,"a new experiential learning initiative, for example, is giving students hands-on opportunities to connect their academic foundations to the world beyond the classroom.",University of Georgia,0
1181,"hiring initiatives have created smaller class sizes and strengthened academic advising, and proposals are now moving forward to strengthen data literacy and writing across the curriculum.",University of Georgia,0
1182,"programs such as all georgia, rise scholars, and the georgia commitment scholarship are delivering targeted resources and support to students from underserved and underrepresented populations to foster a diverse and inclusive learning environment.",University of Georgia,1
1183,"new facilities such as the science learning center, business learning community, and delta hall are providing space and technology to implement best practices in pedagogy.",University of Georgia,0
1184,"first and foremost, the university must provide sustained support to ensure the long-term success of recently adopted initiatives related to this strategic direction.",University of Georgia,0
1185,"many of these initiatives (some noted in this preamble) were implemented in strategic direction i: promoting excellence in teaching and learning 2025 strategic plan goals and key performance indicators new facilities such as the science learning center, business learning community, and delta hall are providing space and technology to implement best practices in pedagogy.5 university of georgia 2025 strategic plan response to the 2017 student learning and success task force report.",University of Georgia,0
1186,"beyond this step, four goals will promote excellence in teaching and learning over the next five years: a) expanding experiential learning for undergraduate and graduate students; b) enhancing support for all who provide instruction; c) investing in classroom instructional technology; and d) advancing student access and success, with continued focus on underrepresented and underserved populations.",University of Georgia,1
1187,these outcomes will only grow in importance to the success of our graduates in the 21st century.,University of Georgia,0
1188,"therefore, the university must continue to develop its experiential learning initiative by increasing the number of high-quality experiential learning opportunities available to students and by expanding the resources, mentorship, and support students need to engage in these opportunities effectively.",University of Georgia,0
1189,"at the heart of the university’s superior educational environment is outstanding classroom instruction, and this instruction is delivered by a diverse array of talented individuals who occupy a range of position types—from professor to lecturer to graduate student, to name a few.",University of Georgia,0
1190,strategic goal 1.2 and its associated key performance indicators express a commitment to investing in the professional development and success of all who provide instruction at the university.,University of Georgia,1
1191,this investment should take the form of training opportunities across academic units that promote evidence-based teaching and assessment methods— thinking beyond student evaluations to peer-based models that foster mentorship and collaboration throughout and across the career stages of our instructors.,University of Georgia,0
1192,the investment should also support the creation of new awards and honors to incentivize and recognize excellence and innovation in teaching at all levels of the university and across the range of instructors.,University of Georgia,0
1193,"to promote excellence in teaching and learning over the next five years, the university also must 6 university of georgia 2025 strategic plan continue its focus on enhancing instructional space and technology.",University of Georgia,0
1194,"this goal seeks to ensure a consistent, high-quality classroom and laboratory experience across the university that supports the scope of evidence-based teaching methods and optimizes learning for all students.",University of Georgia,1
1195,it also imagines more active learning spaces across our campuses that promote interdisciplinary learning and foster the integration of curricular and co-curricular experiences.,University of Georgia,0
1196,"affordability is an important component of this goal, and that is why the plan urges the adoption of more open educational resources by instructors as well as a continued effort to increase need-based scholarship support.",University of Georgia,1
1197,this goal also expects further investment from units in programs and initiatives that promote a diverse and inclusive educational environment for all members of the university community.,University of Georgia,1
1198,"kpi 1.1: transcript-eligible el opportunities available of each type kpi 1.2: transcript-eligible el opportunities completed by uga students kpi 1.3: number and percentage of students completing two or more transcript-eligible el opportunities kpi 1.4: number and percentage of students utilizing an el transcript kpi 1.5: number and total dollar value of scholarships awarded to support student participation in el opportunities strategic goal 1.2: enhance training, support, and recognition for all who provide instruction.",University of Georgia,0
1199,"over the past five years, the university of georgia has significantly enhanced the research, innovation, and entrepreneurship ecosystem of the institution.",University of Georgia,0
1200,"total research and development expenditures have grown by nearly 30 percent to over $450 million; invention disclosures, technology transfer agreements, and the number of faculty startups are trending upward; and recently the university was ranked as number one in the nation for sending new products to market.",University of Georgia,0
1201,"the 2025 strategic plan recognizes these significant steps forward but affirms the urgent need to make substantive changes that will transform the research, innovation, and entrepreneurial ecosystem of the university into that of a world-renowned institution.",University of Georgia,0
1202,a foundation of this cultural evolution is a process by which the university identifies its core strengths and future directions and devotes the resources necessary over the long term to achieve impact on a global scale.,University of Georgia,0
1203,"it also recognizes that a diverse and inclusive culture that supports the wellbeing of all faculty, staff, and students is required to achieve these goals.",University of Georgia,1
1204,"strategic goal 1.4: promote academic access and success for all students, with particular consideration for underrepresented, rural, first-generation and other underserved students.",University of Georgia,1
1205,"strategic goal 2.3 reflects the vital need for the university to prioritize the development of a robust and sustainable infrastructure that will enable significant increases in research, innovation, and entrepreneurship.",University of Georgia,0
1206,"the goal also highlights the need for the university to invest in strategic initiatives, training and professional development, mentorship, wellness programs, and awards and recognition while paying attention to the demographics of the research workforce, given evidence that diverse teams are more creative and successful than are non-diverse ones.",University of Georgia,0
1207,"growing and enhancing graduate education and postdoctoral training are recognized as top priorities and essential for the university to achieve new levels of productivity and impact in research, innovation, and entrepreneurship.",University of Georgia,0
1208,"finally, enhanced communications to our stakeholders are needed to reinforce the university as a place of excellence in research, innovation, and entrepreneurship.",University of Georgia,0
1209,this effort will also help to shift internal and external perceptions of the university’s strengths in this area.,University of Georgia,0
1210,"strategic goal 2.4 and its key performance indicators call on the university to enhance internal and external communications around research, innovation, and entrepreneurship to illustrate how the impact of these activities is changing lives in georgia, across our nation, and around the world.",University of Georgia,1
1211,it is clear that the university of georgia is climbing in the ranks of america’s best public research universities.,University of Georgia,0
1212,"the key to accelerating this upward trajectory is to coalesce around this strategic direction and make growing research, innovation, and entrepreneurship a central focus of the institution over the next five years.",University of Georgia,0
1213,"the four goals outlined in this section focus our efforts on fundamental changes that will enhance the research, innovation, and entrepreneurship ecosystem of the university.",University of Georgia,0
1214,"by nurturing a diverse and inclusive culture of excellence, improving collaboration, investing in human and physical capital, and enhancing communications, the university of georgia will continue to positively impact our state, the nation, and world and set a course toward the ranks of world-renowned it is clear that the university of georgia is climbing in the ranks of america’s best public research universities.",University of Georgia,1
1215,"this commitment is evident in the numerous partnerships and collaborations in which uga faculty, students, and staff engage on a daily basis with communities near and far.",University of Georgia,0
1216,"these engagements have a tangible and positive effect, with an estimated $6.3 billion economic impact on the state of georgia alone.",University of Georgia,0
1217,"with programs such as 4-h, soil and water testing services, and pesticide safety education, extension professionals provide education, expertise, and support for georgia’s citizens.",University of Georgia,0
1218,"the university has articulated great commitments to changing lives in broad areas of engagement that support “healthier people, a more secure future, and stronger communities.” these impactful partnerships and collaborations are not isolated in specific units but are found across the institution in every school, college, and administrative unit.",University of Georgia,1
1219,community partnerships are a core attribute of the university of georgia.,University of Georgia,1
1220,"these partnerships are reciprocal relationships between uga and entities such as local governments, agencies, school districts, businesses, and other geographic or functional groups, with close cooperation among all parties in working to meet an identified goal.",University of Georgia,0
1221,"partnership relationships should be inclusive, grounded in mutual respect and benefit to all parties, and should be sustainable so that the benefit continues even if uga is no longer an active participant in the community.",University of Georgia,1
1222,"finally, it is important that there is strong communication and ease of access so that communities understand and can access partnership opportunities within uga and the university truly hears and understands the needs and interests of our community partners.",University of Georgia,1
1223,"from these principles, five goals emerged to strengthen community partnerships over the next five years: a) increase collaborative, focused research and scholarship in georgia, across the nation, and around the world; b) strengthen uga’s role in economic development across the state, with a particular emphasis on underserved communities; c) broaden opportunities for students to engage with the diversity of communities in georgia and across the nation and the world on locally identified needs and strategic direction iii: strengthening partnerships with communities across georgia and around the world11 university of georgia 2025 strategic plan issues; d) develop high-impact global partnerships that engage and support uga areas of research and service excellence; and e) strengthen communications regarding how uga sustainably supports and benefits communities through research, teaching, and public service.",University of Georgia,1
1224,"the expertise of university of georgia faculty, students, and staff is world-renowned, and opportunities to collaborate with communities both locally and around the world serve to strengthen research and scholarship.",University of Georgia,0
1225,goal 3.1 seeks to deepen these exchanges by encouraging more projects where communities are true partners in the intellectual enterprise and the needs of our community partners are met and fully incorporated into research and subsequent scholarship.,University of Georgia,1
1226,"as noted earlier, with a $6.3 billion impact on georgia, uga has a major role in economic development across the state.",University of Georgia,0
1227,"implicit in this approach is the understanding that the institution will identify gaps and opportunities that have not been explored, thereby strengthening its impact in these critical areas.",University of Georgia,0
1228,uga students are valuable agents in the commitment to community partnerships.,University of Georgia,1
1229,"in the classroom and in the lab, through co-curricular and extra-curricular projects and organizations, as well as field study in georgia and around the world, students are making a difference working with communities to find solutions to challenges large and small.",University of Georgia,1
1230,"therefore, providing opportunities and support for students to engage in this space is vital.",University of Georgia,1
1231,"goal 3.3 calls upon the university to broaden experiential learning opportunities while also providing financial resources that will enable students to explore study abroad, internships, and other experiences that have affiliated costs.",University of Georgia,0
1232,"service-learning is a great example of the breadth of experiential learning that occurs, as service-learning coursework is available in all 17 schools and colleges, some online courses, study abroad programs, and on the extended campuses.",University of Georgia,0
1233,units across the institution must be committed to growing these and other opportunities for students to serve communities in substantive and impactful ways.,University of Georgia,1
1234,"as a world-class institution of higher education, the university of georgia is deeply embedded in global partnerships.",University of Georgia,0
1235,this is an area where the ability to address grand challenges is amplified as researchers work with communities to address global issues.,University of Georgia,1
1236,"this work is reflected in the sponsored support given to projects, mutual academic agreements, and faculty traveling to engage global partners, as well as subsequent co-authored publications.",University of Georgia,0
1237,"the final goal in the area of strengthening partnerships focuses on communications regarding the work that is being done to support communities through research, teaching, and public service.",University of Georgia,1
1238,"it is important that communities view the university as the expertise of university of georgia faculty, students, and staff is worldrenowned, and opportunities to collaborate with communities both locally and around the world serve to strengthen research and scholarship.12 university of georgia 2025 strategic plan an open and accessible potential partner.",University of Georgia,1
1239,kpis measuring sponsored funding for community partnerships will allow the university to measure the effect of a strengthened communications and media presence as new partnerships are built.,University of Georgia,0
1240,kpi 3.5: annual economic impact on the state of georgia and on the counties of georgia kpi 3.6: sponsored expenditures for community partnerships by county kpi 3.7: sponsored award funding for community partnerships by county kpi 3.8: sponsored proposals submitted for community partnerships by county kpi 3.9: new businesses started with support of uga kpi 3.10: new jobs created with support of uga strategic goal 3.3: broaden opportunities for students to engage with the diversity of communities in georgia and across the nation and world on locally identified needs and issues.,University of Georgia,1
1241,"we also introduced our first graduate programs: a master of science in cybersecurity and a graduate certificate in substance use disorders; and this fall will launch a new graduate certificate in traumainformed emergency management, the only credential of its kind in maine.",University of Maine at Augusta,0
1242,"additionally, uma recently fulfilled the faa part 141 private ground license requirements and is applying for the private pilot license to support our military and veteran students in aviation.",University of Maine at Augusta,0
1243,"we opened a new dental clinic to support the expansion of the dental assisting program, re-established the maine community policing institute, and unveiled the maine cyber range.",University of Maine at Augusta,0
1244,"the recently announced andrew mellon foundation grant will underwrite a director, as well as expanded technology for the program.",University of Maine at Augusta,0
1245,"uma stood up the president’s diversity, equity, and inclusion council to support strategic initiatives, partnerships, advocacy, innovation, and educational programs to create, sustain, and enrich our institutional commitment to diversity, equity, and inclusion.",University of Maine at Augusta,1
1246,"uma’s student population is increasingly diverse with 12% of students identifying with a community of color today, versus 8% in 2016. this shift underscores the need to ensure uma is a productive and inclusive environment for all students, faculty, staff, and visitors.",University of Maine at Augusta,1
1247,"uma also has a growing population of traditional age students, which make up about 30% of our student body.",University of Maine at Augusta,0
1248,"additionally, uma has been designated as a military friendly school by viqtory media for a tenth year.",University of Maine at Augusta,0
1249,uma provides a broad-based liberal arts education and we are committed to a robust array of educational opportunities for all of our students.,University of Maine at Augusta,1
1250,students in a variety of fields engage with faculty in scholarly research and creative activity.,University of Maine at Augusta,0
1251,"vision statement as an engaged learning community, the university of maine at augusta will continuously pursue innovative and best-in-class pedagogy, technology and services to enhance student learning and success.",University of Maine at Augusta,0
1252,"uma is committed to delivering quality academic programs, onsite and at a distance, that prepare students to succeed as engaged citizens, professionals and leaders in enriching and advancing communities in maine and beyond.",University of Maine at Augusta,1
1253,"with 75% of our credit hours offered online or through uma centers, uma is at the forefront of flexible distance education in maine through multiple modalities, with many fully online academic program options.",University of Maine at Augusta,0
1254,"uma 2021-2025 strategic plan page 4 uma values as the youngest university in the university of maine system, uma is proud of our capacity to adapt to changing markets and demographic trends and needs, and to ensure sustainability and efficient responses to emerging educational and societal needs.",University of Maine at Augusta,1
1255,• creating the equity and inclusion scholarship to provide financial support for rising student leaders from diverse backgrounds.,University of Maine at Augusta,1
1256,"• continuing our longstanding support for veterans and military students, helping to ensure access to full benefits, and dedicated study and gathering spaces.",University of Maine at Augusta,1
1257,"• enrolling students where they are, across the life span, from early college to senior college, recognizing that students of all ages have the capacity and desire to learn.",University of Maine at Augusta,1
1258,"• funding technology investments in professional degree programs to ensure highest quality and accreditation, including nursing, dental health, cybersecurity, and aviation.",University of Maine at Augusta,0
1259,these five themes address how uma will leverage and strengthen its competitive advantages while mitigating potential threats and weaknesses.,University of Maine at Augusta,0
1260,strategy #1 strengthen student success strategy #2 advance academics strategy #3 enhance marketing and recruitment strategy #4 cultivate reputation and resources strategy #5 foster inclusion actions supporting key strategies strategy #1. strengthen student success all student success initiatives will be designed under the following guiding principles: • integrating student support with coursework.,University of Maine at Augusta,0
1261,1.2 strengthen student support and development services and refine communication with students.,University of Maine at Augusta,0
1262,1.2.3 further develop an online services master plan to provide all students with robust online access to services and support.,University of Maine at Augusta,0
1263,"1.2.4 provide affordable options and expand capacity (open educational resources, first-year books, e-book rentals) to meet the course material needs of students, with special focus on late admits and distance students.",University of Maine at Augusta,1
1264,1.3.3 recognize the impact of the pandemic upon the university community and support efforts to strengthen individual and collective resiliency and recovery.,University of Maine at Augusta,1
1265,"1.5.2 partner with the new ventures maine, the maine state chamber of commerce and other partners to promote state-wide enrollment opportunities and internships.",University of Maine at Augusta,0
1266,"2.1.4 increase resources to support the student experience (student success hubs: tech hub, support hub, etc.).",University of Maine at Augusta,0
1267,"2.3.3 explore opportunities to evolve the academic program curricula to engage students with faculty in research, discovery, creativity and innovation.",University of Maine at Augusta,0
1268,"2.3.6 refine academic programs of the future to align and enrich the learning experience for distance and onsite students through pedagogical design, technological platform, structured interventions, and assessment of learning outcomes; and provide faculty with incentives and support for participation.",University of Maine at Augusta,0
1269,"2.5.5 explore additional opportunities and support for faculty scholarship, creative works, and research that enrich the educational experience.",University of Maine at Augusta,0
1270,"3.1.4 leverage institutional, state, and federal financial aid resources to support incoming students with meaningful and competitive aid packages.",University of Maine at Augusta,0
1271,"3.4.6 continue use of paid media in radio, tv, streaming devices, internet search, and print media to promote uma as an affordable, accessible, and high quality statewide higher education provider, as well as to support specific programs and initiatives.",University of Maine at Augusta,0
1272,"4.1.2 renew alumni outreach and relationships; seek advocacy and testimonials to support uma’s mission, specific programs, and initiatives.",University of Maine at Augusta,1
1273,4.2.3 demonstrate active support of the uma mission by advocating for professional development and career advancement opportunities for all faculty and staff.,University of Maine at Augusta,1
1274,"4.3 foster financial and operational sustainability 4.3.1 ensure human, financial and other resources are sufficient to sustain the quality of the educational program and support the mission.",University of Maine at Augusta,1
1275,4.3.3 encourage cross-training and succession planning within departments to ensure academic and administrative continuity of operations.,University of Maine at Augusta,0
1276,"as such, we have included a more comprehensive level of detail in this part of the plan to ensure that these goals are reviewed and assessed on a regular basis.",University of Maine at Augusta,0
1277,"integral to that mission is developing efforts to create diverse, inclusive, and welcoming campus communities for all students, faculty, and staff in order to provide a rich and fully equitable educational experience for all.",University of Maine at Augusta,1
1278,5.1 provide personnel and financial resources to oversee and manage the implementation of the plan.,University of Maine at Augusta,0
1279,5.3 foster a culture of inclusion to ensure that all employees feel valued and welcomed within our institution.,University of Maine at Augusta,1
1280,"5.4.1 uma’s dei council will help educate the community on the meaning of key terms such as diversity, equity, inclusion, anti-racism, and accessibility within the context of uma.",University of Maine at Augusta,1
1281,"5.4.2 uma’s dei council will support the evaluation of core documents (mission, vision, strategic plan, academic statements, admissions materials, etc.)",University of Maine at Augusta,0
1282,"5.4.3 uma’s dei council will recommend new core documents to support dei values (such as anti-racism statement, dei statement, syllabus statements).",University of Maine at Augusta,1
1283,"5.5 build institutional capacity for students, faculty and staff to have meaningful engagement with uma’s commitment to diversity, equity and inclusion.",University of Maine at Augusta,1
1284,5.5.1 prioritize and support external professional development activities and implement best practices related to dei with the expectation that individuals will educate the community about what they have learned.,University of Maine at Augusta,1
1285,5.5.3 increase support for and awareness of dei mini-grants to include a variety of community members in our dei work.,University of Maine at Augusta,1
1286,5.5.6 develop channels for students and others to identify further support structures and pathways needed to improve success.,University of Maine at Augusta,0
1287,"5.6.6 conduct regular surveys of uma’s underrepresented student populations to identify how to better provide equitable access, and include them in our programming.",University of Maine at Augusta,1
1288,5.7 deliver academic programs that are inclusive of all the various forms of diversity and commit resources to implement the steps below.,University of Maine at Augusta,1
1289,"5.7.1 assess, review and redevelop academic programs through a commitment to dei principles with university support, including professional development and peer-to-peer discussions, and recognize programming and groups who are already doing this work (e.g., wiccd, the wgs program, the holocaust and human rights courses, social science and social justice courses).",University of Maine at Augusta,1
1290,5.7.4 develop support structures to incorporate inclusive pedagogies that support the success of a diverse student population.,University of Maine at Augusta,1
1291,"5.9 demonstrate cultural humility, community relationships, and support by developing partnerships with outside organizations at all locations to engage with stakeholders external to uma to support our mutual dei related goals.",University of Maine at Augusta,1
1292,"to learn and engage with diverse communities in our geographic areas (e.g., the work of the civic engagement steering committee and new ventures maine; the health equity dialogues collaborate with the maine public health association and the new england public health training center).",University of Maine at Augusta,1
1293,5.9.2. support and expand the existing partnerships between uma’s centers and campuses and local community organizations.,University of Maine at Augusta,0
1294,"5.10 ensure that uma’s public communications including the website, advertising, and marketing/public relations efforts embody our commitment to dei.",University of Maine at Augusta,1
1295,"5.10.2 develop inclusive and accessible communication strategies to reach diverse audiences (e.g., ensuring uma’s website is accessible, that marketing materials are inclusive).",University of Maine at Augusta,1
1296,"it has the province’s only programs in multiple disciplines, including medicine, dentistry, law, architecture, agriculture, and engineering.",university of manitoba,0
1297,everything manitoba needs to develop and grow in the knowledge-based society of the future happens here first—the future of the province is in our hands.,university of manitoba,1
1298,"over the past year, we have engaged with faculty, staff, students, and other key groups and individuals, and reflected on what guides us, where we want to be, and how we get there.",university of manitoba,0
1299,"what we heard has led to a revised mission, vision, and core values that centre the people and communities foundational to our success, and challenge us to make meaningful impact, locally, nationally, and internationally.",university of manitoba,1
1300,"to excel and thrive, we must feel a sense of belonging with the confidence that how we learn, how we work, how we create, and how we play will be transformative.",university of manitoba,1
1301,building on our rich history we have the momentum to make a difference.,university of manitoba,1
1302,"this plan, organized under three strategic themes—creating knowledge that matters, empowering learners, and reimagining engagement—builds upon our existing strengths, driving us forward as innovators, creators, life-long learners, and leaders of meaningful change across our campuses and in partnership with the communities with whom we engage.",university of manitoba,1
1303,"we appreciate your engagement, support, and the energy you have invested in sharing your ideas and aspirations.",university of manitoba,0
1304,um is a unique and extraordinary community that does great things.,university of manitoba,1
1305,"michael benarroch, president and vice-chancellor diane hiebert-murphy, provost and vice-president (academic) message from the president and the provost and vice-president (academic)university of manitoba strategic plan 2024-2029 3 momentum: leading change together traditional territories acknowledgment the university of manitoba campuses are located on original lands of anishinaabeg, ininewuk, anisininewuk, dakota oyate and denesuline, and on the national homeland of the red river métis.",university of manitoba,1
1306,"um recognizes that this acknowledgment only holds meaning when reflected in the actions taken to address the injustices and barriers that have disproportionally affected indigenous peoples and communities, systemically preventing them from accessing and benefitting from education.",university of manitoba,1
1307,"grateful for the territories and lands on which the university community learns, conducts research, and engages with external partners, um is guided by this acknowledgment in carrying out the core work of its mission, the priorities it sets, and the decisions made to move forward as an institution.",university of manitoba,1
1308,"vision the university of manitoba will be a vibrant and thriving community, enriched by indigenous knowledges and perspectives.",university of manitoba,1
1309,"mission we advance learning by creating, sharing, preserving, and applying knowledge in partnership with diverse communities to promote the cultural, social, and economic well-being and health of manitoba, canada, and the world.",university of manitoba,1
1310,"we centre community as we participate in the process of reconciliation, and contribute to positive and meaningful change in manitoba, canada, and the world.",university of manitoba,1
1311,well-being we advance the personal and professional growth and academic success of our community members.,university of manitoba,1
1312,"” in this spirit, we continue to work together to advance and redefine what it means to provide an accessible education for all.",university of manitoba,1
1313,"um is a member of the u15 and manitoba’s research-intensive (medical-doctoral) university, with world-class researchers who share their expertise with local, national, and international communities.",university of manitoba,0
1314,"across programs, we have increased experiential learning opportunities and co-curricular programming.",university of manitoba,0
1315,"we invest in and provide students with access to financial, academic, and health and wellness supports to provide the foundation needed to succeed.",university of manitoba,1
1316,"manitoba’s growing number of indigenous peoples, including first nations, métis, and inuit peoples, make-up 18% of the province’s population and winnipeg is home to the largest indigenous population in canada.",university of manitoba,0
1317,within this decade it is estimated that one in five manitobans will identify as indigenous.,university of manitoba,0
1318,"in advancing reconciliation efforts, it is vital that this unique diversity of communities, knowledges, and cultures across our province and turtle island is recognized.",university of manitoba,1
1319,"um is a leader in reconciliation, acknowledging that this ongoing work has only just begun.",university of manitoba,1
1320,we are host to the national centre of truth and reconciliation and welcomed canada’s first vice-president (indigenous) in 2020. we are committed to advancing the calls to action and integrating indigenous ways of knowing into what we do.,university of manitoba,1
1321,we recognize the value and strength of bringing together a diversity of voices and the need to make systemic and structural changes to ensure that this happens.,university of manitoba,1
1322,these have created and exacerbated global tensions and conflicts that impact close to home as our worlds become more interconnected.,university of manitoba,0
1323,"in response, it is critical that we offer programming and supports that enable success and increase access to post-secondary education.",university of manitoba,1
1324,"over the past year we have asked ourselves, how can we best come together?",university of manitoba,0
1325,"as our guiding principles began to emerge, we identified five broad themes in the where we are today report, released to the community in may 2023. these themes were refined after asking for and receiving feedback from over 110 community members in june and july to ensure that the shared vision accurately reflected the community’s aspirations for the coming years and our ability to meet the challenges facing higher education, the province, and our world.",university of manitoba,1
1326,"the committee received feedback from over 275 community members, including senate and the board of governors, to inform this final plan.university of manitoba strategic plan 2024-2029 7 momentum: leading change together throughout consultations, our community expressed an overwhelming desire to make meaningful contributions and excel in all that we do—through our research, teaching, and the ways in which we engage as a community, both within the institution and beyond.",university of manitoba,1
1327,"our community reaffirmed that our greatest strength is our people and that investing in our faculty, staff, and students is vital to gaining momentum and leading change together.",university of manitoba,1
1328,"through our scholarly and creative pursuits, we advance our understanding of each other and the world around us.",university of manitoba,1
1329,"we ignite a curiosity to identify and solve important, complex problems, and promote evidence-based decision making.",university of manitoba,1
1330,"we acknowledge the value of work across academic disciplines and recognize that all forms of knowledge, including indigenous knowledges and research, have the power to transform culture, and create positive societal and environmental impact.",university of manitoba,1
1331,"through our degrees and programs, we engage with undergraduate and graduate students to create and share knowledge as part of the learning process.",university of manitoba,0
1332,"we provide an accessible, inspiring, highquality education and an exceptional student experience enriched by a diversity of communities, voices, worldviews, and ways of knowing.",university of manitoba,1
1333,we promote life-long curiosity and provide the tools learners need to succeed and critically navigate a complex and rapidly changing world.,university of manitoba,1
1334,"we are innovators inside and outside the classroom and incorporate sustainable practices in how we teach, learn, and deliver services and supports.",university of manitoba,1
1335,"faculty and staff are also learners—we provide opportunities to learn from each other, engage in professional development, and access the systems and supports needed to excel.",university of manitoba,0
1336,"we embrace diverse learners who choose um to advance their studies, enriching our institution’s voices and perspectives.",university of manitoba,1
1337,"indigenous peoples have been and continue to be underrepresented in post-secondary education, and systemic change is needed to increase access.",university of manitoba,1
1338,we advance reconciliation and promote indigenous success through indigenization in our programming and across our campuses.,university of manitoba,1
1339,"we provide opportunities and spaces to connect, collaborate, share, and promote meaningful knowledge creation and exchange.",university of manitoba,1
1340,"we build relationships and work with indigenous communities to create opportunities for capacity-building, support self-determination, and advance decolonization.",university of manitoba,1
1341,"the heart of um is its people—its faculty, staff, and students.",university of manitoba,1
1342,"we reimagine how we engage with one another, beginning with an environment in which there is a greater sense of collegiality, trust, integrity, collaboration, and shared opportunities.",university of manitoba,1
1343,"we work to dismantle all forms of oppression, address inequities in our systems, policies, culture, and structures to advance decolonization, and uphold human rights.",university of manitoba,1
1344,"we reimagine our spaces to inspire, engage with each other, reflect the diverse needs of our community, and be accessible to all.",university of manitoba,1
1345,"we preserve and protect our environment through sustainable practices, promote stewardship for the benefit of current and future generations, and take climate action.university of manitoba strategic plan 2024-2029 9 momentum: leading change together our community’s aspirations as captured under creating knowledge that matters, empowering learners, and reimagining engagement are accompanied by a collective desire and acknowledgement of um’s responsibility to be leaders of change.",university of manitoba,1
1346,we take action to address societal issues and meaningfully contribute to the overall well-being of our internal and external communities.,university of manitoba,1
1347,these actions are articulated as three fundamental commitments that encompass what we do and how we move forward—they guide us in framing our goals under each strategic theme and measuring our success in implementing this plan.,university of manitoba,0
1348,"how we get there: leading change togetheruniversity of manitoba strategic plan 2024-2029 10 momentum: leading change together in leading change, we commit to: fostering a vibrant community we cultivate an accessible community rooted in equity, diversity, human dignity, inclusivity, respect, well-being, and care for one another, while acknowledging and addressing concerns and challenges with underlying structures.",university of manitoba,1
1349,"we commit to narrowing systemic inequities, removing barriers, and creating the conditions for all to thrive.",university of manitoba,1
1350,advancing reconciliation for transformative change we walk together to advance reconciliation.,university of manitoba,1
1351,"informed by these fundamental commitments, our strategic themes centre our collective intentions through the following strategic goals that provide us with the framework to move forward together as an institution.university of manitoba strategic plan 2024-2029 11 momentum: leading change together creating knowledge that matters in leading change, um will demonstrate advancements in exceptional research, scholarship, and creative activities to create knowledge that matters and that positively impacts the communities with whom we engage.",university of manitoba,1
1352,um will be increasingly sought out for our expertise and recognized for our contributions.,university of manitoba,0
1353,"to gain momentum, um will: inspire knowledge creation by supporting and promoting an environment of excellence.",university of manitoba,0
1354,"through this work, we will: • expand initiatives that provide faculty and staff with opportunities to succeed in their research, scholarship, and creative activities, recognizing the value of new perspectives and diverse ways of knowing.",university of manitoba,1
1355,"through this work, we will: • identify and remove barriers to increase opportunities for inter- and multidisciplinary research, scholarly, and creative activities.",university of manitoba,1
1356,"through this work, we will: • increase investments to support more community-based research and to develop authentic relationships with community partners.",university of manitoba,0
1357,"we will provide researchers, instructors, staff, and learners with the knowledge, skills, and supports they need to achieve their goals.",university of manitoba,0
1358,"to gain momentum, um will: respond to changing needs of learners through the creation and advancement of supportive systems for learning and success.",university of manitoba,0
1359,"through this work, we will: • continuously reflect on and advance pedagogies that respond to the needs of learners across their lives and careers, including innovative ways of learning and teaching.",university of manitoba,0
1360,"through this work, we will: • ensure students are exposed to indigenous knowledge systems and ways of knowing and have opportunities to participate in and benefit from a variety of experiential learning opportunities in diverse settings, including digital, land-based, community, workplace, classroom, and co-curriculum.",university of manitoba,1
1361,"• increase opportunities for graduate and undergraduate students to connect with and contribute to diverse ways of knowledge creation through research, scholarship, and creative activities.",university of manitoba,1
1362,foster an exceptional student experience by strengthening teaching and student support services across the university.,university of manitoba,0
1363,"through this work, we will: • invest in supports to ensure faculty and staff have the tools needed to adapt to changing learning environments and to continue to provide high-quality learning experiences.",university of manitoba,0
1364,"we will be a destination to learn, create, work, and play.",university of manitoba,0
1365,"in reimagining engagement, we will connect and thrive as a community for today and tomorrow.",university of manitoba,1
1366,"to gain momentum, um will: strengthen and build mutually beneficial and reciprocal external relationships through meaningful and authentic engagement.",university of manitoba,1
1367,"through this work, we will: • become the university for manitoba by increasing opportunities for external partnerships and connections and expanding our impact across our province, including with rural, northern, and indigenous communities.",university of manitoba,1
1368,"through this work, we will: • identify and work to dismantle systemic and structural inequities to foster an environment that encourages the full participation of systemically marginalized groups and individuals.",university of manitoba,1
1369,"• centre reconciliation and institutional transformation to advance social justice and become a preferred destination for indigenous faculty, staff, and students.",university of manitoba,1
1370,"through this work, we will: • build sustainable and accessible campuses designed to facilitate community building and community life.",university of manitoba,1
1371,"• increase opportunities for faculty, staff, and students to engage in sustainability initiatives through learning experiences, research, and community programming to collectively advance the united nations’ sustainable development goals.university of manitoba strategic plan 2024-2029 14 momentum: leading change together together, we have identified who we want to be and how we get there.",university of manitoba,1
1372,"our next steps will be to develop an implementation plan that outlines how we will meet the goals we’ve identified in momentum: leading change together 2024-2029. a strategic plan implementation committee will be formed, led by the provost and vice-president (academic), and will include representatives from faculty, staff, and students.",university of manitoba,0
1373,"this cross-functional, interdisciplinary committee will be tasked with identifying the strategies and associated actions the university will take to implement the plan and gauge our success moving forward.",university of manitoba,0
1374,the implementation plan will be guided by discussions with community members.,university of manitoba,1
1375,"it will identify and build on current initiatives, activities, and institutional reports.",university of manitoba,0
1376,the committee will work with and support academic and administrative units to develop unit-level plans that reflect their unique roles and strengths that help um achieve its collective goals.,university of manitoba,0
1377,"the committee will bring its initial findings back to the community, providing details on the strategies, objectives, and key indicators developed.",university of manitoba,0
1378,"they will provide annual progress reports on our accomplishments, challenges, and any revisions required in response to changing pressures, internal and external to our institution.",university of manitoba,0
1379,"together, we will build upon our existing strengths and gain momentum to respectfully lead change and shape a brighter future for all.",university of manitoba,1
1380,"thank you to the strategic planning committee, which reviewed the feedback from the community and provided thoughtful insight to structure a plan that will collectively move us forward as an institution.",university of manitoba,1
1381,"thank you to the strategic planning committee, which reviewed the feedback from the community and provided thoughtful insight to structure a plan that will collectively move us forward as an institution.",university of manitoba,1
1382,"asper school of business, faculty of management afra bolefski head, library social sciences, libraries katherine boyer assistant professor, school of art robert mizzi canada research chair and associate professor, department of educational administration, foundations & psychology, faculty of education kim ominski professor and head, department of animal science, faculty of agricultural and food sciences leisha strachan associate dean, associate dean (research and graduate studies) and professor, faculty of kinesiology and recreation management acknowledgementsuniversity of manitoba strategic plan 2024-2029 16 momentum: leading change together from staff: jeff adams registrar and executive director of enrolment services carla loewen director, indigenous student centre from students: tracy karuhogo president, umsu uche nwankwo senator, umgsa jaron rykiss president, umsu christopher yendt president, umgsa from senior executive team: naomi andrew vice-president (administration) catherine cook vice-president (indigenous) vanessa koldingnes vice-president (external) mario pinto vice-president (research and international) resources: cassandra davidson academic planning and priorities specialist, office of the provost kelsey evans associate director, office of the president kerry mcquarrie smith executive director, office of the president randy roller executive director, office of institutional analysis thanks to all faculty, staff, and students who organized and facilitated community consultations to ensure we received feedback from across our community.",university of manitoba,1
1383,we also recognize and appreciate the support provided by members of the office of external relations in bringing this plan to life.,university of manitoba,0
1384,"from staff: jeff adams registrar and executive director of enrolment services carla loewen director, indigenous student centre from students: tracy karuhogo president, umsu uche nwankwo senator, umgsa jaron rykiss president, umsu christopher yendt president, umgsa from senior executive team: naomi andrew vice-president (administration) catherine cook vice-president (indigenous) vanessa koldingnes vice-president (external) mario pinto vice-president (research and international) resources: cassandra davidson academic planning and priorities specialist, office of the provost kelsey evans associate director, office of the president kerry mcquarrie smith executive director, office of the president randy roller executive director, office of institutional analysis thanks to all faculty, staff, and students who organized and facilitated community consultations to ensure we received feedback from across our community.",university of manitoba,1
1385,we also recognize and appreciate the support provided by members of the office of external relations in bringing this plan to life.,university of manitoba,0
1386,it will represent our ethos around which the core aspirations and aims will be embodied.,University of Nebraska–Lincoln,1
1387,"accordingly, every person and every interaction matters is the overarching principle that envelops all of the aspirations, aims, and strategies within the n2025 strategic plan.",University of Nebraska–Lincoln,1
1388,the goal of the n2025 strategic plan is to make nebraska distinctive by promoting the tenet that every person and every interaction matters.,University of Nebraska–Lincoln,1
1389,"it includes interactions that are formal and informal across the domains of academics, research, creative activity, and engagement.",University of Nebraska–Lincoln,0
1390,"thus, every decision made at every level should align with and support (and hence, be supported by) our overarching principle that every person and every interaction matters, our core aspirations, and the primary aims of our strategic plan.",University of Nebraska–Lincoln,1
1391,the result of this inclusive process is a plan that mirrors the aims of our collective campus community and its leaders.,University of Nebraska–Lincoln,1
1392,"at its conclusion, the n150 commission laid out a bold vision over the next 25 years: the university of nebraska–lincoln is unparalleled among public research universities in access, opportunity, innovation, and life-long experiential learning.",University of Nebraska–Lincoln,1
1393,"in his 2019 state of the university address, chancellor green challenged the university to ensure that 25 years from now leaders would “look back on this inflection point moment and say, ‘wow, they were not only thinking, they were truly imagining!’” | 7 | | 6 | inclusive excellence and diversity impactful research and creative activity innovative student experiences interdisciplinary endeavors to solve critical challenges broadening nebraska’s engagement participation and professional development the n2025 strategic plan outlines the aims, strategies, expectations, and targets for the first five years of the 25-year vision articulated within the n150 commission report.",University of Nebraska–Lincoln,0
1394,strategies are actions that can be taken to move toward the aim.,University of Nebraska–Lincoln,0
1395,expectations are anticipated changes that will be realized through the implementation of the strategies.,University of Nebraska–Lincoln,0
1396,"targets are quantifiable metrics that serve as benchmarks to achieve by 2025. importantly, it is not the intent of this plan to be prescriptive.",University of Nebraska–Lincoln,0
1397,"these tactics are best developed by the campus leadership, community, and units.",University of Nebraska–Lincoln,0
1398,"the use of words such as “students,” “faculty,” “staff,” and “engagement” within the n2025 strategic plan are meant in the broadest sense.",University of Nebraska–Lincoln,0
1399,faculty include individuals who are in both tenure leading and non-tenure leading positions.,University of Nebraska–Lincoln,0
1400,"engagement refers to relationships with stakeholders that provide opportunities to partner around shared goals, enable a bidirectional flow of information and knowledge, and realize broad impact.",University of Nebraska–Lincoln,1
1401,it is not expected that every unit or every individual will act on every strategy in the plan.,University of Nebraska–Lincoln,0
1402,some units and individuals will resonate with different portions of the plan.,University of Nebraska–Lincoln,0
1403,"no individual or unit will do everything, but it is expected that every individual and unit will contribute in meaningful ways to our shared goals of increasing the impact and excellence of the university.",University of Nebraska–Lincoln,1
1404,"it is also expected that the entire campus will embrace the philosophy that every person and every interaction matters, and that this will be transformational for our campus community.",University of Nebraska–Lincoln,1
1405,"the interconnected relationship among the aims is depicted in figure 1. each of these aims should be read and understood with the concluding phrase “….in a way that every person and every interaction matters.” • aim: innovate student experiences that prepare graduates to be life-long learners and contributors to the workforce in nebraska and the world • aim: es tablish a culture at nebraska committed to increasing the impact of research and creative activity • aim: f ocus research, scholarship, creative activity, and student experiences to foster innovative, interdisciplinary endeavors and solve challenges critical to nebraska and the world • aim: broaden nebraska’s engagement in community, industry, and global partnerships • aim: cr eate a climate at nebraska that emphasizes, prioritizes, and expands inclusive excellence and diversity • aim: prioritize participation and professional development for all nebraska students, staff, and faculty | 9 | | 8 | we believe in growing flexible, nimble and strong minds.",University of Nebraska–Lincoln,1
1406,educating students and preparing them for the workforce is a core mission of the university of nebraska.,University of Nebraska–Lincoln,1
1407,"technology, demographics, and many other factors have led to significant changes in the way knowledge is distributed and acquired.",University of Nebraska–Lincoln,0
1408,"the university of nebraska must continue to innovate to provide an accessible student experience, inside and outside the classroom, that remains relevant and produces a desire for life-long learning.",University of Nebraska–Lincoln,1
1409,"strategies: 1. de velop and employ innovative approaches for recruiting, enrolling, educating, and retaining a diverse student body 2. e quip and incentivize instructors to instill in their pedagogy that every person, every interaction, and a diversity of ideas and perspectives matter 3. use t echnology, physical/virtual spaces, and scheduling to more effectively educate learners whomever and wherever they are 4. de velop new tuition models that allow for increased revenue while improving accessibility and reducing student debt 5. es tablish a requirement for graduation that all nebraska students engage in experiential learning, which may include research, creative activity, or community engagement 6. enable s tudents to co-create academic credentials or badges to demonstrate qualifications in response to the changing workforce needs in areas including innovation, leadership, sustainability, and entrepreneurship 7. de velop a new cross-disciplinary program accessible to all students that emphasizes imagination, creative expression, entrepreneurship, and design thinking 8. es tablish new curricular requirements for all students that emphasize diversity and inclusion 9. cr eate programs and experiences that encourage alumni to participate in life-long learning with formal and informal educational opportunities 10. pr epare and align university staff to be connected and engaged in the student experience as well as the recruitment and retention of a diverse student body 11. align f aculty apportionments, appointments, and evaluation criteria appropriately to achieve and maintain high-quality teaching 12. implement s ystematic practices that enable students to improve their mental, physical, psychological, social, and emotional well-being expectations: 1. incr eased student enrollment 2. incr eased outreach to underrepresented groups, community college graduates, international, and out-of-state students 3. incr eased year-to-year retention of students 4. incr eased diversity of student body 5. incr eased enrollment in online platforms 6. incr eased number and funding of experiential learning opportunities 7. guidelines f or academic credential or badge requirements established 8. ne w cross-disciplinary program emphasizing imagination, creative expression, entrepreneurship, and design thinking developed and supported 9. c ourses emphasizing diversity and inclusion identified, developed, and offered 10. incr eased number of instructors with pedagogical training on diversity and inclusion within the classroom 11. all s tudents receive support services they need for mental, physical, psychological, social, and emotional well-being targets: 1. the 4-year unl graduation rate will increase from 46.9% to 55%; the 6-year graduation rate will increase from 67.8% to 72% 2. the first-year to second-year retention rate will increase from 84.1% to 88% 3. the equity gap in degree completion will be reduced from 14.4% to 7% 4. unl will increase both graduate and undergraduate enrollment by 15% 5. the number of students who engage in study-abroad programs in an academic year will increase to 10 % 6. all graduates will have a documented experiential learning portfolio, including internships or apprenticeships, research or creative activity, community-engaged problem solving and/or international engagement aims of the n2025 strategic planaims of the n2025 strategic plan aim: inno vate student experiences that prepare graduates to be life-long learners and contributors to the workforce in nebraska and the world | 11 | | 10 | aims of the n2025 strategic planaims of the n2025 strategic plan we don’t rest on our strengths — we stretch them and combine them.",University of Nebraska–Lincoln,1
1410,"inherent in interdisciplinary work at nebraska is that every person contributes, and every interaction matters, in the creation of new knowledge and solutions.",University of Nebraska–Lincoln,1
1411,"strategies: 1. prioritiz e diversity of perspectives, approaches, and backgrounds when solving challenges 2. build, s trengthen, and evaluate interdisciplinary centers and organized units to promote productivity, minimize duplication, and retain an emphasis on priority areas 3. revise policies and practices to incentivize interdisciplinary collaboration across departments, colleges, centers, and campuses, and with partners across the country and world 4. es tablish flexible and functional facilities for interdisciplinary research, creative activity, teaching and learning aim: focus research, scholarship, creative activity, and student experiences to foster innovative, interdisciplinary endeavors and solve challenges critical to nebraska and the world 5. incr eased number, quality, and compensation of graduate students and postdoctoral fellows 6. incr eased number of students with long-term research or creative activity experiences 7. impr oved research ranking among big 10/peer institutions 8. incr eased number of national/international awards and citations of faculty and students targets: 1. achieve $450m in annual research expenditures including at least $30m from the private sector and $10m in licensing income 2. increase the number of faculty participating in extramurally-funded research, scholarship, and creative activity by 5% annually on a three-year rolling average 3. increase the number of faculty apportioned to do research, scholarship, and creative activity by 5 % annually on a three-year rolling average 4. increase the number of faculty receiving external honors and awards by 10% annually on a three-year rolling average 5. incr ease graduate (master’s and doctoral) degrees awarded by 5 % per year we do big things.",University of Nebraska–Lincoln,1
1412,"conducting novel and impactful research that generates new knowledge, solves real-world problems locally and globally, and enhances lives through research, creative activity, and transformational innovations is among the most fundamental purposes of the institution.",University of Nebraska–Lincoln,1
1413,"it is imperative that research and creative activity be central to every university action, interaction, and decision; that sizable resources be committed to bolstering research and creative activity; and that students, faculty and staff are involved and stakeholders meaningfully engaged in research and creative activities.",University of Nebraska–Lincoln,1
1414,"strategies: 1. align all aspects of academic, s tudent, and business affairs in support of research, scholarship, and creative activity 2. r ecruit and develop diverse world-class researchers, scholars, artists, and staff and provide them with strong institutional and community support 3. build ne w mechanisms to reward and retain highly successful faculty 4. r ecruit, develop, and compensate a competitive and highly competent community of graduate students and post-doctoral fellows 5. ensur e dedicated, long-term research or creative activity experiences for students 6. r evise unl apportionment guidelines and staff position descriptions and evaluation criteria to include engagement 7. apply f or international and national awards and fellowships for faculty and students 8. c ommunicate broadly about the breadth and social impact of research and creative activity expectations: 1. incr eased number and diversity of tenured and tenure-leading faculty with a majority research apportionment 2. incr eased number, size, and scope of extramural proposal submissions 3. incr eased revenues for research and creative activity through a diverse funding portfolio 4. incr eased number and impact of scholarly journal articles and creative works aim: es tablish a culture at nebraska committed to increasing the impact of research and creative activity | 13 | | 12 | aims of the n2025 strategic plan aims of the n2025 strategic plan 5. cr eate shared learning experiences that include interdisciplinary groups of students, post-doctoral fellows, and faculty 6. l everage interdisciplinary strengths and related initiatives, including those at nebraska innovation campus and elsewhere, into the development of intellectual property, technology transfer, and entrepreneurial activity 7. identify gr and challenges that leverage existing strengths and seek to solve issues important to nebraska and the world 8. c ommit, generate, and expand sources of support for investment in grand challenges, interdisciplinary research, creative activity, and education 9. int egrate creative activities and education into solutions for grand challenges in an intentional and substantive manner expectations: 1. incr eased number and diversity of individuals, teams (faculty, staff, post-doctoral fellows, and students), and centers working on high priority challenges 2. incr eased investments (financial resources and facilities) in successful teams and centers 3. e valuation system developed and implemented to ensure continued productivity of successful interdisciplinary centers and units 4. incr eased number of national and international collaborations in grand challenge areas 5. incr eased number of interdisciplinary scholarly products (proposals, grants, publications, creative works) 6. incr eased number of tenure-track faculty apportioned to interdisciplinary centers and units 7. annual review and promotion documents that value and reward collaboration and interdisciplinary work 8. incr eased number of interdisciplinary learning experiences established 9. incr eased number of patents, copyrights, licensing, and research-based start-up companies 10. gr and challenge topics for nebraska established and resources committed to them 11. s tructures and systems established to support research and creative activities aligned with grand challenges targets: 1. increase extramural funding, scholarship, and creative activities generated by interdisciplinary teams by 15 % annually on a three-year rolling average 2. at least 50% of strategic research investments aligned with university-prioritized grand challenges 3. increase the number of u.s. patents issued by 70% and the number of licenses executed by 50% 4. form seven research-based start-up companies annually, based on university technologies we are nebraska.",University of Nebraska–Lincoln,0
1415,"engagement — the co-creation, co-discovery and co-development of solutions — is key to the land grant mission of the university of nebraska.",University of Nebraska–Lincoln,1
1416,"engagement brings nebraska to the world, and the world to nebraska through a university where students, faculty, staff and alumni are actively engaged across nebraska and beyond.",University of Nebraska–Lincoln,1
1417,"it is imperative that the university embrace a culture of engagement and partnership that generates genuine mutual benefit both in nebraska and across the world, while creating extraordinary opportunities for students, alumni, industry, community partners, faculty, and staff.",University of Nebraska–Lincoln,1
1418,"at its core, engagement is about relationships and reciprocity that must be built upon a foundation where every person and interaction matters.",University of Nebraska–Lincoln,1
1419,"strategies: 1. r ecognize engagement (i.e., relationships with stakeholders for opportunities in partnership and impact) as one of nebraska’s mission areas, reflected in staff and faculty apportionments and evaluation criteria 2. cr eate a vehicle for advancing and supporting student engagement in communitybased research, creative activity, and learning experiences at the local, national, and global level 3. es tablish and nurture strong, consistent two-way communication with stakeholder groups allowing for research and learning collaborations 4. es tablish new international partnerships that connect the world to nebraska, and nebraska to global opportunities 5. pursue carnegie c ommunity engagement classification 6. de velop huskers for life program to engage alumni and stakeholders from varying sectors and cultural backgrounds in life-long learning opportunities and partnerships 7. embr ace and exploit existing and future technologies to promote access for individual and community-based research, learning, engagement, and creative activities 8. c oncentrate resources and funding to promote engagement responsive to unique local, national, and international needs expectations: 1. unl apportionment guidelines and s taff position descriptions and evaluation criteria revised to include engagement 2. s tudent engagement program developed and supported 3. incr eased number of and impact on community, industry, and global partners 4. carnegie c ommunity engagement achieved aim: broaden nebraska’s engagement in community, industry, and global partnerships | 14 | | 15 | we must commit to inclusive excellence — an active process ensuring that excellence is reflective of diversity in all forms.",University of Nebraska–Lincoln,1
1420,"as systematic efforts expand to recruit and retain historically underrepresented students, faculty, and staff, it is imperative that this work be done in close concert with efforts to further improve the quality of research, creative activities, teaching, and engagement.",University of Nebraska–Lincoln,1
1421,"an integrated approach will greatly improve work toward minimizing barriers and enhancing and creating new programs in support of equity, diversity, and inclusion.",University of Nebraska–Lincoln,1
1422,"this intentional integration will equip us to better solve the challenges that face nebraska and the world, while preparing students for a continually evolving and global workforce.",University of Nebraska–Lincoln,0
1423,an environment that emphasizes inclusive excellence and diversity is a place that embraces the importance of every person and knows that every interaction matters.,University of Nebraska–Lincoln,1
1424,"strategies: 1. create systematic procedures to evaluate and improve campus climate focused on inclusion, diverse experiences, and sense of belonging 2. engage in practices that value every person and every interaction in ways that promote equity, dignity, and respect for individuals from a diversity of backgrounds and perspectives 3. enhance participation in critical dialogue around issues of equity and inclusion 4. embed inclusive excellence into existing and new educational and professional learning opportunities for students, staff, faculty, and administrators 5. expand systematic efforts to recruit and retain students from underrepresented groups 6. expand systematic efforts to recruit and retain faculty, staff, and administrators from underrepresented groups aims of the n2025 strategic planaims of the n2025 strategic plan aim: create a climate at nebraska that emphasizes, prioritizes, and expands inclusive excellence and diversity 5. incr eased engagement of alumni and stakeholders 6. incr eased engagement through online platforms 7. impr oved infrastructure and professional development to promote communication, applied research, and sharing of knowledge 8. a ccelerated and concentrated response to needs targets: 1. unl is designa ted a carnegie community engagement campus 2.",University of Nebraska–Lincoln,1
1425,"5% annual increase in number of overall alumni giving 7. identify and address institutional barriers that perpetuate equity gaps between and across underrepresented groups 8. enhance existing and create new programs and networks for resilience and personal well-being for students, staff, faculty, and administrators 9. enhance existing and create new programs and networks for academic, cultural, and social support for students, staff, faculty, and administrators expectations: 1. increased number of students from underrepresented groups 2. reduced inequities in retention and graduation across student populations 3. increased number of faculty, post-doctoral scholars, and staff applicants and hires from underrepresented groups 4. increased retention rates of students from underrepresented groups 5. increased graduation rates of students from underrepresented groups 6. increased numbers and retention of faculty from underrepresented groups 7. increased retention of staff from underrepresented groups 8. increased number of programs/activities focused on well-being and resilience targets: 1. increase enrollment of first-time entering students from underrepresented ethnic/racial groups by 7 % 2. increase enrollment of pell-eligible first-time entering students by 8% 3. provide inclusive excellence professional education to 100% of instructors 4. increase the participation of underrepresented gender, ethnic, and racial employees in leadership development programs by 20% 5. provide inclusive excellence professional education to all search committee members 6.",University of Nebraska–Lincoln,0
1426,"100% of colleges and units utilize equity data and goals to develop recruitment and retention plans for increasing ethnic, racial, gender, and cultural representation of underrepresented groups among faculty and staff 7. provide inclusive excellence professional education to all new employees| 16 | we believe in the power of every person.",University of Nebraska–Lincoln,1
1427,"the most important asset at the university of nebraska is its people — students, staff, post-doctoral fellows, and faculty.",University of Nebraska–Lincoln,1
1428,it is critical to provide access to individualized professional development and effective mentorship for all members of the university community.,University of Nebraska–Lincoln,1
1429,a comprehensive approach to professional development will result in a vibrant and supportive climate characterized by excellence in all mission areas of our institution.,University of Nebraska–Lincoln,1
1430,"strategies: 1. ensur e a means for all faculty, graduate and professional students, post-doctoral fellows, and staff to co-create an individualized professional development roadmap 2. de velop and enhance structures for all faculty, post-doctoral fellows, staff, and students to have access to a mentor or advisors 3. es tablish professional development around mentoring and reward effective mentorship of faculty, post-doctoral fellows, staff and students 4. cr eate and allow access to university-sponsored staff council for staff to provide input on relevant issues to university leadership 5. r evolutionize graduate education to include professional development in response to workforce needs 6. build and enhanc e institutional structures and culture for participative decision-making 7. embed inclusiv e excellence in existing and new professional development opportunities or systems expectations: 1. document ed individualized professional development plan established for all faculty, post-doctoral fellows, graduate and professional students, and staff 2. ment or or advisor provided for all faculty, post-doctoral fellows, staff, and students 3. pr ofessional development methods established and delivered to faculty, post-doctoral fellows, staff, and students 4. ment orship incentives established and awarded 5. s taff council created 6. gr aduate education continually updated to allow for flexibility and individualization 7. impr oved transparency in administrative decision-making 8. incr eased student, faculty, and staff retention 9. incr eased job satisfaction 10. impr oved placement of graduates and post-doctoral fellows targets: 1. all annual e valuations will align with apportionments and assigned duties 2.",University of Nebraska–Lincoln,1
1431,"100% of faculty, post-doctoral fellows, staff, and graduate and professional students have a documented and individualized professional development plan 3. all leaders and adminis trators engage in professional development associated with inclusive excellence and participative decision-making 4. all f aculty, post-doctoral fellows, staff and students have a mentor or advisor and all evaluations include reporting of mentorship activities 5. all gr aduates and post-doctoral fellows employed in appropriate jobs commensurate with their degree 6. unl will be in top tier of employee satisfaction among higher education institutions aims of the n2025 strategic planaims of the n2025 strategic plan aim: prioritize participation and professional development for all nebraska students, staff, and faculty to achieve the n2025 aims, the university must commit to responsible stewardship of resources to reinforce institutional priorities.",University of Nebraska–Lincoln,0
1432,"realization of the aims and implementation of the strategies will require: • an implementation plan for the n2025 strategic plan • intentional and transparent allocation of resources to incentivize actions that align with the n2025 strategic plan • intelligent and sustainable investments in key university resources, and, in particular, people • development of a sustainable built environment and technology infrastructure to support n2025 strategic plan • creation of an incentive-driven and financially strong campus environment led by the n2025 strategic plan • systematic cost reductions across administration • formulation of a long-term road map for university operations that ensures sustainability, environmental resilience, and stewardship of natural resources the university recognizes its significant responsibility to the citizens of the state of nebraska and the need to be good stewards of all of its resources.",University of Nebraska–Lincoln,1
1433,"responsible stewardship of resources | 17 || 18 | | 19 | kathy ankerson dean, college of architecture marco barker vice chancellor for diversity and inclusion laurie bellows interim vice chancellor for student affairs rick bevins (co-chair) chancellor’s professor and chair of psychology ken bloom professor of physics and astronomy mike boehm harlan vice chancellor for the institute of agriculture and natural resources nicole buan associate professor of biochemistry and president-elect, faculty senate shane farritor (co-chair) david and nancy lederer professor of mechanical engineering kevin hanrahan associate professor of voice and vocal pedagogy and faculty senate president carrie heitman associate director, center for digital research in the humanities and associate professor of anthropology tiffany heng-moss dean, college of agricultural sciences and natural resources chuck hibberd dean and director, nebraska extension emily johnson unl student regent and president, asun sherri jones dean, college of education and human sciences lisa kaslon professional development coordinator and 4-h coordinator, extension educator mary lagrange controller and associate vice chancellor for business and finance tony lazarowicz associate director of advising, college of arts and sciences and past president, uaad charlene maxey-harris interim chair, interim associate dean and associate professor, university libraries t. j. mcdowell assistant vice chancellor for student affairs tawnya means assistant dean, college of business; director, college of business teaching and learning center and assistant professor of practice richard moberly interim executive vice chancellor for academic affairs bill nunez vice chancellor for business and finance john kalu osiri director of international business and associate professor of practice of management angela pannier (co-chair) maxcy professor of ag and natural resources and professor of biomedical engineering julia reilly ph.d. student and past president, graduate student assembly kelsey sims doctoral programs coordinator, graduate studies and past president, unopa francisco souto director, school of art, art history & design and professor of art susan sheridan (co-chair) george holmes university professor and director, nebraska center for research on children, youth, families and schools james van etten william allington distinguished professor of plant pathology bob wilhelm vice chancellor for research and economic development rick bevins chancellor’s professor and chair of psychology shane farritor david and nancy lederer professor of mechanical engineering angela pannier maxcy professor of ag and natural resources and professor of biomedical engineering susan sheridan george holmes university professor and director, nebraska center for research on children, youth, families and schools n2025 strategy team membership directory n2025 strategy team membership directory n2025 ex-officio members n2025 co-chairs deb fiddelke chief communication and marketing officer ronnie green chancellor diane mendenhall associate to the chancellor will thomas john and catherine angle chair in the humanities and professor of history mike zeleny chief of staff and associate to the chancellorthe university of nebraska does not discriminate based upon any protected status.",University of Nebraska–Lincoln,1
1434,"2 vision, mission, and values the vision, mission, and core values are the guiding principles of the university of southern mississippi.",University of Southern Mississippi,1
1435,"vision the university of southern mississippi is distinctive among national research universities in adding value to our students’ experiences, uniquely preparing them to be ready for life.",University of Southern Mississippi,1
1436,"our hallmark is a fully engaged lifelong learning approach integrating inspired teaching, collaborative research, creative activity, and service to society.",University of Southern Mississippi,1
1437,"southern miss produces graduates who are ready for life, ready to succeed professionally and as responsible citizens in a pluralistic society.",University of Southern Mississippi,1
1438,values the mission of the institution is supported by the following values: 1. research and instructional excellence focused on student success at all teaching sites and through campus-based and distance education.,University of Southern Mississippi,1
1439,"in my inaugural address, i challenged the southern miss community to be distinctive, providing our students with a value added that they will not find in other places.",University of Southern Mississippi,0
1440,we are embracing the audacious goal of helping our students become ready for life — prepared to make a great living and create an extraordinary life after earning their degrees.,University of Southern Mississippi,1
1441,"the goals and objectives in the 2025 strategic plan will set the university on a path to provide this added value to our students with excellent faculty and staff, effective business processes, and investments in dynamic academic programs and modern technology.",University of Southern Mississippi,0
1442,"these are challenging times for all of public higher education with the enrollment cliff, inflation in operating expenses, shifting views of the value of four-year degrees, and increased competition from career-technical programs and nimble private institutions.",University of Southern Mississippi,0
1443,"as an institution, we have pressing needs for strategic investment in technology, facilities, and faculty and staff compensation to ensure a sustainable future.",University of Southern Mississippi,0
1444,"accomplishing our goals will not be easy, but we are accustomed to overcoming challenges.",University of Southern Mississippi,0
1445,"in fact, it is a hallmark of the southern miss culture to set audacious goals and pursue them with an uncommon passion and a relentless persistence.",University of Southern Mississippi,0
1446,"i will appoint a standing strategic plan committee to assess progress toward the defined goals and objectives, report biannually to the president, and reassess the plan to pinpoint adjustments based on goals and objectives achieved and address new opportunities and challenges in the academic landscape.",University of Southern Mississippi,0
1447,the work of this new committee will be coordinated by staff in the office of the president and the office of the provost.,University of Southern Mississippi,0
1448,together we will ensure a sustainable future that leads southern miss…to the top!,University of Southern Mississippi,1
1449,kpi16: at least half of division of student affairs-sponsored student-facing events will include educational components inspired by the ready for life messaging.,University of Southern Mississippi,0
1450,kpi20: students will indicate high satisfaction with division of student affairs programs and services.,University of Southern Mississippi,0
1451,kpi21: student satisfaction inventory student centeredness scale results will show improvement after baseline collected.,University of Southern Mississippi,0
1452,kpi22: student satisfaction inventory campus life scale results will show improvement after baseline collected.,University of Southern Mississippi,0
1453,kpi23: student satisfaction inventory safety and security scale will show improvement after baseline collected.,University of Southern Mississippi,0
1454,kpi24: student satisfaction inventory service excellence scale will show improvement after baseline collected.,University of Southern Mississippi,0
1455,kpi25: student satisfaction inventory campus climate scale will show improvement after baseline collected.,University of Southern Mississippi,0
1456,• build a stronger commitment and support structure with community colleges for transfer enrollment ideas and strategies (degree plan articulation).,University of Southern Mississippi,0
1457,"• develop a program to identify and support students who need academic support (at-risk, students not retained, etc.).",University of Southern Mississippi,0
1458,• promote division of student affairs integration of ready for life outcomes into programming.,University of Southern Mississippi,0
1459,objective 1: promote curricular innovation that prepares students for career success and to act as ethical and responsible global citizens.,University of Southern Mississippi,1
1460,• create and promote new programming in career services that grows student engagement.,University of Southern Mississippi,0
1461,kpi38: increase portfolio of awards and recognition that provide tangible incentives.,University of Southern Mississippi,0
1462,"kpi46: increase translational and commercialization programs to support startups and entrepreneurial opportunities.8 objective 4: enhance the quality of research infrastructure to support a culture of excellence and innovation by optimizing research development processes, expanding support systems and services, and improving access to state-of-the-art equipment, research, and creative spaces across the institution.",University of Southern Mississippi,0
1463,"kpi47: increase the percentage of faculty/staff utilizing research support services (ora, ori, rs, oim, oehs).",University of Southern Mississippi,0
1464,kpi48: continuous improvement in satisfaction scores from users on the quality of support services.,University of Southern Mississippi,0
1465,• evaluate mechanisms for providing dedicated time and funding for faculty and pis to engage in research and creative activities.,University of Southern Mississippi,0
1466,• create an infrastructure to identify eligible scholars to support and assist in nomination for research honors and awards.,University of Southern Mississippi,0
1467,"• establish a plan to evaluate, support, and develop research staff administration in ovpr and across colleges and centers consistent with the growth in extramural grants and contracts and in response to changes in federal regulations and compliance.",University of Southern Mississippi,0
1468,"• establish a research and creative activities space workgroup under the research advisory council that will establish mechanisms for evaluating space utilization, allocation, infrastructure, and equipment upgrade needs for research and creative activity space.",University of Southern Mississippi,0
1469,• enhance training for ora staff to support faculty and staff involved in community-engaged research.,University of Southern Mississippi,0
1470,kpi55: create a process for prioritizing technology projects in support of usm priorities within one year.,University of Southern Mississippi,0
1471,• foster collaboration and communications between it and other departments to ensure technology solutions meet the needs of stakeholders.,University of Southern Mississippi,0
1472,"• complete campus master plan, roth iams assessment and gordian study to support ongoing facility asset management.",University of Southern Mississippi,0
1473,"partnering for progress goal 5: engage the university’s diverse community of alumni and friends in personalized, integrated, and coordinated ways to foster dynamic relationships, extend our reach, and enhance lifelong connections in support of the institution’s strategic priorities.",University of Southern Mississippi,0
1474,objective 1: engage alumni and friends with volunteer activities and service opportunities that have a positive impact and cultivate a sense of community.,University of Southern Mississippi,1
1475,"• maintain open and ongoing dialogue between the usm foundation, the southern miss athletic foundation, and the southern miss alumni association and campus leaders on projects, events, and opportunities related to alumni and donor engagement.12 strategic plan steering committee • steering committee co-chair – dr. nina mclain, associate professor and nurse anesthesia program administrator • steering committee co-chair – dr. eric powell, professor and director, science center for marine fisheries, gcrl • chair of the academic enterprise subcommittee – dr. joshua bernstein, associate professor and director of graduate studies, english; faculty senate president-elect • chair of the research enterprise subcommittee – ms. jill hendon, center for fisheries research and development, gcrl; staff • chair of the student recruitment and enrollment subcommittee – dr. brandon allen, associate teaching professor and director of sport management • chair of the student engagement and success subcommittee – dr. delores mcnair, assistant dean of students • chair of the philanthropy, alumni, and community subcommittee – dr. colin mckenzie, associate professor and director, school of music • chair of the administrative and auxiliary operations subcommittee – ms. kelly james penot, human resources manager • ex-officio support group – dr. douglas masterson, senior associate provost for institutional effectiveness; dr. julie howdeshell, director, quality enhancement; ms. kim gallaspy, chief of staff and strategic advisor to the president strategic plan subcommittees academic enterprise subcommittee • chair – dr. joshua bernstein, associate professor and director of graduate studies, english; faculty senate president-elect; hattiesburg; faculty • dr. lawanda baskin, assistant professor and director, school of leadership and advanced nursing practice; hattiesburg; faculty • dr. joby bass, associate professor, school of coastal resilience; gulf park; faculty • dr. kemal cambazoglu, assistant professor, school of ocean science and engineering; stennis; faculty • dr. mike davis, professor and assistant director, school of biological, environmental, and earth sciences; hattiesburg; faculty • dr. jamye foster, professor and associate dean of research and graduate education, college of business and economic development; hattiesburg; faculty • dr. jay howell, associate professor, program coordinator, and interim associate director, school of education; hattiesburg; faculty • dr. melanie leuty, professor, school of psychology; director, center for faculty development; hattiesburg; faculty • ms. kathryn lowery, director, institutional effectiveness; hattiesburg; staff13 research enterprise subcommittee • chair – ms. jill hendon, director, center for fisheries research and development; gcrl; staff • prof. meg brooker, professor and director, school of performing and visual arts; hattiesburg; faculty • dr. brian cuevas, director of innovation management; hattiesburg and gulf coast; staff • dr. holly huye, associate professor, school of kinesiology and nutrition; co-director, mcctr community engagement and outreach core; hattiesburg; faculty • dr. derek patton, professor and director, school of polymer science and engineering; hattiesburg; faculty • dr. christopher smith, assistant professor, school of finance; hattiesburg; faculty • prof. tisha zelner, associate professor and head of public services, university libraries; hattiesburg; faculty • dr. xiaodong zhang, professor, school of ocean science and engineering; stennis; faculty student recruitment and enrollment subcommittee • chair – dr. brandon allen, associate teaching professor and director of sport management; hattiesburg; faculty • ms. tracy barnhill, director of graduate school operations; hattiesburg; staff • ms. mary beard, director of nationally competitive programs and awards, honors college; hattiesburg; staff • ms. amanda cascio, director of marketing and enrollment, office of online learning; hattiesburg; staff • dr. erin dornan, director of communications and operations, enrollment management; hattiesburg; staff • ms. cynthia habeeb, marketing strategist for academic programs, gulf park; gulf park; staff • ms. petra marlin, director of international recruitment and admissions; hattiesburg; staff • prof. lorraine stuart, professor, head of special collections and curator of historical manuscripts and archives, university libraries; hattiesburg; faculty • dr. wei wang, associate professor and undergraduate coordinator, school of marketing; hattiesburg; faculty student engagement and success subcommittee • chair – dr. delores mcnair, assistant dean of students; hattiesburg; staff • dr. mary funk, associate teaching professor, school of leadership; gulf park; faculty • col. brian hawkins, veteran’s outreach coordinator, center for military veterans, service members and families; hattiesburg; staff • ms. robin johnson, director of student services and assistant registrar, student services one stop; gulf park; staff • dr. masha krsmanovic, assistant professor, school of education; hattiesburg; faculty • ms. laura laughlin, executive director of student connections, division of student affairs; hattiesburg; staff • dr. michelle mcleese, assistant teaching professor and program coordinator, school of social science and global studies; hattiesburg; faculty • ms. heidi nelson, director, student counseling services; hattiesburg; staff • dr. lindsay wright, associate professor, school of child and family sciences; hattiesburg; faculty14 philanthropy, alumni, and community subcommittee • chair – dr. colin mckenzie, associate professor and director, school of music; hattiesburg; faculty • mr. daniel barton, senior planned gift officer, usm foundation; hattiesburg; staff • ms. amy batiste, major gift officer, college of arts and sciences; hattiesburg; staff • dr. laura blackmon, associate director, marine education center; gcrl; staff • dr. david davies, professor, school of media and communication; director, british studies program; hattiesburg; faculty • ms. stephanie mclendon, director, executive education center; gulf park; staff • ms. nicole ruhnke, chief communication officer; representing the alumni association; hattiesburg; staff • dr. candice salyers, assistant professor, school of performing and visual arts; faculty senate secretary; hattiesburg; faculty • prof. russ willis, assistant teaching professor, school of management; hattiesburg; faculty administrative and auxiliary operations subcommittee • chair – ms. kelly james penot, human resources manager; hattiesburg; staff • prof. amber hatten, professor of practice and mpa director; hattiesburg; faculty • dr. kelly darnell, associate research professor and director, gulf coast research laboratory; gcrl; faculty • ms. gina mccarty, assistant to the dean for finance and administration, college of education and human sciences; hattiesburg; staff • mr. lynn smith, director of fiscal planning and analysis; hattiesburg; staff • mr. jeff taylor, union director; hattiesburg; staff • dr. t.j. tesh, associate professor and associate director for student services and operations, school of music; hattiesburg; faculty • mr. nick williams, director of technology support services, itech; hattiesburg; staff • ms. cara wilson, administrative specialist, school of social science and global studies; hattiesburg; staff eoe/f/m/vets/disability uc8906",University of Southern Mississippi,0
1476,"the mission of the university of tokyo forests, an affiliated facility of the graduate school of agricultural and life sciences, is to create and maintain forests that link science to society.",University of TOKYO,1
1477,"taking advantage of over a century of long-term data as well as education and research conducted in cooperation with local communities, the forests contribute to the university of tokyo’s efforts toward green transformation (gx) through research on sustainable timber production and other activities.",University of TOKYO,1
1478,"because the conditions and assumptions that we have taken for granted are changing so drastically, those of us in academia must maintain a clear understanding of the mission of the university and possess a comprehensive vision that stretches from the past into the future as we continue to strive to create new knowledge.",University of TOKYO,1
1479,"that understanding and vision are the foundation for utokyo compass, the statement of our university’s guiding principles that we announced in october 2021. as we declared then, the university of tokyo has been given a mission by society to nurture talented individuals who can actively tackle the profound challenges facing humanity.",University of TOKYO,1
1480,i have often emphasized the importance of reconnecting learning to society.,University of TOKYO,1
1481,"today, with social frameworks changing rapidly, specialized learning in the classroom is not enough to create leaders who can raise original questions, integrate different kinds of knowledge, tackle diverse social issues, and work together with others to build a better future.",University of TOKYO,1
1482,that is why the university of tokyo focuses on providing our students with opportunities to engage directly with people throughout society and to gain knowledge through that experience.,University of TOKYO,0
1483,"practicing entrepreneurship is also linked to the importance of “care,” which involves perceiving the various needs and wants that exist in society and responding to them appropriately.",University of TOKYO,1
1484,that is why the university of tokyo emphasizes education that reconnects learning with society.,University of TOKYO,1
1485,"we encourage the younger generation, who will be responsible for the future of our society, to seek solutions to the global challenges that their generation will face, to serve the public interest through social entrepreneurship, and to launch startups that can play an active role on the world stage.",University of TOKYO,1
1486,the first step in boosting our management capacity has been to devise a new model for what a university like ours can be.,University of TOKYO,0
1487,"as a national university corporation, the university of tokyo has been largely dependent on government funding, which comes with many conditions and restrictions.",University of TOKYO,0
1488,"as leading universities in other countries have shown, universities can accomplish more when they also have sufficient funds to spend at their own discretion.",University of TOKYO,0
1489,one step to increase our discretionary resources has been to begin issuing university bonds.,University of TOKYO,0
1490,an excellent example of what an institution with sufficient financial independence can accomplish has been shown by oxford university.,University of TOKYO,0
1491,that success clearly demonstrated the need for a university like ours to have autonomous funding and management.,University of TOKYO,0
1492,"with our management capacity strengthened, our goal is to provide even greater value through our education and research and thus earn the recognition and support of society, creating a positive cycle of trust that leads to even more creative activities.",University of TOKYO,1
1493,we have many exciting actions planned in order to vigorously advance our “way” of being a university that serves the public good worldwide.,University of TOKYO,1
1494,this “utokyo way” was created to share what we have been doing with as many people as possible and to tell them about the future to which we aspire.,University of TOKYO,0
1495,"after you have read it, we hope that you will engage in dialogue with us.",University of TOKYO,0
1496,president’s message teruo fujii president the university of tokyo (utokyo) 11 utokyo way 2022-20231 president’s messagecreating new paradigms for contributing to society contributing to the breadth of world knowledge solving complex global issues proposing new ways for human societies to exist the university of tokyo future society creation model a future-oriented investment strategy inspired and guided by utokyo compass the diagram below represents the missions of the university of tokyo and the process it has been following to create value in its interactions with society.,University of TOKYO,1
1497,"the elements are all interconnected, and the cycles extend from the short and medium term to the long and very long term.",University of TOKYO,0
1498,"value is created through activities centered on the multifaceted 3 perspectives of utokyo compass — strengthening knowledge, nurturing people, and creating place (see next page).",University of TOKYO,0
1499,initiatives undertaken by the university have broad impacts on society and social capital.,University of TOKYO,1
1500,"the proposals we make for a prosperous and hopeful future society seek to transform how society functions, as well as to contribute to the diversity of knowledge and to the solution of complex global issues.",University of TOKYO,1
1501,"some examples of our initiatives are described beginning on page 14. by creating value and earning support from society through our activities, the university of tokyo both receives support from and gives back to society.",University of TOKYO,1
1502,"as an institution committed to serving the global public, we will continue to promote this virtuous cycle in the years ahead.",University of TOKYO,1
1503,"toward a prosperous and hopeful future society establishing management capacity for autonomous and creative activity 1. develop an autonomous and creative university model 2. formulate a sustainable management strategy and expand the functions of the university 3. cultivate support and appreciation for the university’s roles knowledge 4. seek solutions to global problems 5. promote diverse scholarship 6. generate excellent academic knowledge 7. generate value through co-creation with industry 8. promote responsible research people 9. nurture inclusiveness and capacity for creative dialogue 10. nurture an international outlook 11. undergraduate education: cultivate disciplinary expertise, wide-ranging knowledge, and high ethical standards 12. graduate education: cultivate advanced disciplinary expertise and practical capabilities to tackle nextgeneration problems 13. support early-career researchers 14. cultivate administrative staff with advanced expertise and a creative mindset 15. connect the university and society through bidirectional recurrent education place 16. create a supportive and empowering campus that anyone in the world would want to join 17. support education and research activities 18. expand the campus in cyberspace 19. extend our place into wider society 20. extend our place internationally establishing management capacity for autonomous and creative activity perspective 2 people conceptual diagram of utokyo compass cycles run across various timelines diversified financing new governance structure independent and creative management capacity society university history ｜ knowledge ｜ people ｜ place management resources accumulated academic learning and the search for truth the value of creation a wealth of diverse academic knowledge that contributes to the world a public equipped with expert knowledge and learning a university admired by the world perspective 1 knowledge perspective 3 place strengthening knowledge creating place nurturing people dialogue between the university and people activities creating trust and extending university functions dialogue with the public 12 13 utokyo way 2022-2023 utokyo way 2022-20231 president’s message1 president’s messagevalue creation 2together with thirteen japanese companies, the cgc established the energy transition initiative—center for global commons (eti-cgc), a platform for industryacademia collaboration, to discuss pathways and policies for japan to achieve decarbonization.",University of TOKYO,0
1504,"since then, the eti-cgc has been discussing with leaders of participating companies, making extensive use of the university of tokyo’s academic knowledge and resources, on the topics of japan’s energy transition strategy toward decarbonization by 2050, and its closely associated 2050 future vision strategy, including the industrial structures and lifestyle changes.",University of TOKYO,0
1505,the cgc will continue research and practice to deal with the global issues facing humanity in collaboration with leaders from various areas across academic disciplines and businesses as well as beyond borders.,University of TOKYO,1
1506,global warming and the degradation of biodiversity and ecosystems—the effects of which are becoming increasingly evident—are causing progressively greater difficulties for human society.,University of TOKYO,0
1507,"drastically reducing the burden that we place on the environment and protecting earth system stability will require us to make fundamental changes in the major economic systems that govern our energy, food, production and consumption, and cities.",University of TOKYO,1
1508,"ever since, the cgc has been working on and advocating a strategic framework and actions to transform the socio-economic systems necessary for protection of the global commons, together with various partners from business, finance, goverments, and international organizations.",University of TOKYO,1
1509,"in 2021, the cgc—together with the un sustainable development solutions network (sdsn) and yale university—released the global commons stewardship in 2021, the university of tokyo launched spring gx, a program for doctoral students, with the aim of training personnel to lead the green transformation (gx) of society on a large scale in all fields.",University of TOKYO,0
1510,this program was adopted by the japan science and technology agency (jst) under the support for pioneering research initiated by next generation (spring) program.,University of TOKYO,0
1511,"the program also provides financial support exceeding 2.5 million yen per student annually to enable each and index (gcsi: an index of each country’s environmental impact, both domestically and internationally), which clearly showed that consumption in developed countries is placing a particularly heavy burden on the planet.",University of TOKYO,0
1512,"later, in may 2022, the cgc, systemiq (uk), the potsdam institute for climate impact research (germany), and the sdsn jointly released the global commons stewardship framework, which presents a practical scientific framework for responsible management of the global commons and which has been endorsed by many international organizations and international entrepreneurs.",University of TOKYO,1
1513,"every student in the program to engage in challenging and emergent research, based on their curiosity.",University of TOKYO,0
1514,"through a diverse array of options, including gx-related lectures and industry-academia collaboration internships, the program fosters highly transferable skills that are applicable in any industry or occupation in society.",University of TOKYO,0
1515,the research findings published by the cgc to date in cooperation with various international agencies and others are available in full on the cgc website.,University of TOKYO,0
1516,"startup companies related to the university possess the scientific knowledge and advanced technological development capabilities that are the driving force behind solutions to society’s issues, and are filled with flexible ideas that can lead to innovation.",University of TOKYO,1
1517,the number of students and early-career researchers with an interest in launching startups and playing an active role in finding solutions to society’s issues through the university’s entrepreneur education programs is also growing.,University of TOKYO,1
1518,the university of tokyo is now also considering setting up a new fund to drive dramatic growth.,University of TOKYO,0
1519,"to date, the university has used the utokyo innovation platform co., ltd., an investment company, to manage two funds that have enjoyed solid success in developing a startup ecosystem at the university.",University of TOKYO,0
1520,"intending it to serve as a guide for graduates who launch businesses overseas, but also with overseas investors in mind, the university is considering a fund worth 60 billion yen.",University of TOKYO,0
1521,"the university’s efforts to provide wide-ranging entrepreneurial support also include assistance with commercializing the results of research, including in the area of deep tech, as well as support for non-profit-oriented social entrepreneurs.",University of TOKYO,1
1522,"every year, the number of international students who, like ceo sun, arrive from abroad to study at the university of tokyo has continued to grow.",University of TOKYO,0
1523,"the university has also established an entrepreneurship training program, conducted in english, to provide international students with entrepreneurial opportunities.",University of TOKYO,0
1524,"utokyo startup bionicm inc.: creating a world where everyone is freer to move about bionicm inc. is working to commercialize a robotic powered prosthetic leg that uses sensors to detect the user’s unconscious movements and provide motorized assistance, resembling closer than ever before the natural movement of a human leg.",University of TOKYO,1
1525,"established in 2018, bionicm is a utokyo startup that was created with support from utokyo innovation platform, a wholly owned investment company of the university of tokyo.",University of TOKYO,0
1526,"in 2021, bionicm launched bio leg, a robotic prosthetic leg, in both japan and china, making it the first japanese manufacturer to enter the prosthetic leg market, which has been dominated by western manufacturers.",University of TOKYO,0
1527,"“i intend to dedicate my life to prosthetic legs and create something the world has never seen before,” says bionicm’s passionate founder and ceo, xiaojun sun, himself a prosthetic-leg user.",University of TOKYO,0
1528,"today, he is based at the entrepreneur plaza, the university of tokyo incubation facility on the hongo campus, where he is making full use of the university’s various startup support programs while also successfully raising large amounts of funding.",University of TOKYO,0
1529,"with the mission of “powering mobility for all,” he has focused on developing more bio leg product launch in beijing, china, october 2021. ceo xiaojun sun is third from the left in the photo.",University of TOKYO,1
1530,"we will continue to respect the bodies of scholarly knowledge and the academic cultures specific to individual language groups, while encouraging the further development of academic activities including those in the humanities and social sciences.",University of TOKYO,1
1531,"building academic excellence by further strengthening itself as a world-class center of excellence in research and creating a connected hub of knowledge, the university of tokyo aims to advance firsttier research globally and create new knowledge modeled on collaborative interdisciplinary innovation.",University of TOKYO,0
1532,"the university of tokyo atacama observatory (tao) is a project that aims to have the world’s most advanced infrared telescope, with a 6.5-meter aperture, at the peak of mount chanantar in the atacama desert of northern chile, making it the highest telescope in the world at 5,640 meters above sea level.",University of TOKYO,0
1533,"the goal is to generate research findings in such fields as astronomy, planetary science, and astrophysics, with a focus on elucidating the two great mysteries of astronomy: the origin of the universe academic diversity in its nearly 150-year history, the university of tokyo has consistently delivered outstanding education across diverse academic disciplines.",University of TOKYO,0
1534,"this demonstrates the level of excellence at the university of tokyo, where so much cutting-edge research is performed, and the diversity of its academic disciplines in english-language articles.",University of TOKYO,0
1535,it is also hoped that the project will broadly help to train professionals and the next generation of leaders by including students in the development of cutting-edge science and technology.,University of TOKYO,1
1536,the university of tokyo also launched the collaborative research organizations system in 2016 to advance interdisciplinarity in various forms with support for interdisciplinary integration and cross-organizational activities.,University of TOKYO,0
1537,"in this interdisciplinary research organization, historians and seismologists work together to advance the development of new research methods that integrate the humanities and sciences and to collect, compile, and analyze historical documents in an effort to build and publish a scientific database that can provide long-term information on seismic and volcanic activities in japan.",University of TOKYO,0
1538,"it is hoped that the findings will not merely be shared with universities and research institutes nationwide but also prove useful for the long-term forecasting of earthquakes and volcanic eruptions, which would be invaluable for society.",University of TOKYO,1
1539,"the closer to the center of the circle, the more interdisciplinary the research area is considered to be.",University of TOKYO,0
1540,"additionally, looking at the size of each research topic based on the number of papers published, the university of tokyo is particularly strong in the fields of physics and astronomy, materials science, and molecular biology.",University of TOKYO,0
1541,"for example, by supporting the development of mapping tools and training programs that utilize the satellite positioning and communication functions of smartphones through the epinurse project in nepal, he has constructed a platform that enables nurses to easily share information on the health status of local residents and the medical assistance they need, thus helping the local nurses who use these tools to work more effectively.",University of TOKYO,0
1542,"small-scale decentralized water supply systems have the potential to be more effective than large-scale centralized water services for people facing an urgent need to secure safe water, such as in developing countries with no water supply system, leaving residents with no choice but to use ground or river water suspected of contamination, in emerging countries where water supply services cannot keep up with the rapid pace of urbanization and population concentration, in depopulated villages where population decline makes it difficult to maintain and upgrade water supply facilities, and in evacuation centers and temporary housing during disasters.",University of TOKYO,0
1543,"kumiko oguma (associate professor, graduate school of engineering) has developed a device equipped with a compact, mercury-free ultraviolet light-emitting diode (uv-led) that purifies water at the point of use, such as a faucet, and experiments to verify the device’s efficacy are under way in various locations.",University of TOKYO,0
1544,she aims to provide safe drinking water to those left behind by conventional large-scale infrastructure water services and to reduce disparities in water access.,University of TOKYO,1
1545,"resources of value creation ──people human resources tackling proactively the major challenges facing humanity perspective 2 at the university of tokyo, a diverse range of researchers are engaged in research projects that will lead to achieving the 17 sdgs, in line with its mission as a university that serves the global public.",University of TOKYO,1
1546,"development of uv-led water purification equipment to improve access to safe water chizu sanjoba (assistant professor, graduate school of agricultural and life sciences) is an expert on leishmaniasis, a neglected tropical disease (ntd).",University of TOKYO,0
1547,"the one health approach to neglected tropical diseases research and development of spatial information mapping tools and training programs to support the epinurse project kumiko oguma associate professor, graduate school of engineering hiroyuki miyazaki project assistant professor, center for spatial information science chizu sanjoba assistant professor, graduate school of agricultural and life sciences resources 23 value creation2 utokyo way 2022-2023participating domestic and overseas universities make architectural and urban-scale proposals for sites in japan.",University of TOKYO,0
1548,"centered on princeton university, the event has been joined by institutions such as the university of pennsylvania and tsinghua university, while the university of tokyo has been represented by the sekisui house - kuma lab, where university professor kengo kuma and his colleagues serve as advisors and project lecturer toshiki hirano serves as director.",University of TOKYO,0
1549,"the symposium provided an opportunity to present japan studio’s activities, reflect on how japan has contributed to the development of advanced architectural design thinking in international architectural education, and discuss future prospects.",University of TOKYO,0
1550,"the university also makes use of other research hubs and training facilities where personnel engage in educational and research activities that are deeply rooted in the local regions and communities, located as far north as kitami city, hokkaido ( ★on map) and as far south as amami oshima island, kagoshima prefecture ( ★), which is registered as a world natural heritage site.",University of TOKYO,0
1551,"the university of tokyo forests, graduate school of agricultural and life sciences, which was established to provide a venue for forest-related education and research, account for most of this land area ( ● and ★).",University of TOKYO,0
1552,"these university forests have been established in seven locations—chiba, hokkaido, chichibu, tanashi, aichi, fuji, and izu—and are used by the university as well as by a wide range of other domestic and international educational and research institutions as field sites for student training and a diverse range of research projects.",University of TOKYO,0
1553,"these university forests are also expected to play a role in recharging water sources and absorbing co 2, thus contributing to the local regions.",University of TOKYO,1
1554,"utokyo ny office resources of value creation ──place perspective 3 the mission of the university of tokyo, as a university open to the world and engaged in pioneering research and education, is to contribute to the future of japan and the world for the sake of future generations, and to extend those activities to the world.",University of TOKYO,1
1555,"the university of tokyo has opened overseas offices in five cities—new delhi, india; seoul, korea; colombo, sri lanka; dhaka, bangladesh; and new york, u.s.a.— to share information about the university’s education and research activities ( ●on map below).",University of TOKYO,0
1556,"located in the heart of new york city, the utokyo ny office is especially well situated as a center of exchange among a diverse range of stakeholders, including alumni, international students, donors, and overseas research collaborators.",University of TOKYO,0
1557,we have adopted this ambidextrous approach so that we can be of even greater service to the world.,University of TOKYO,1
1558,"as a national institution of higher education founded nearly 150 years ago, the university of tokyo has long sought to pursue research and education for contemporary applications while striving to explore new horizons.",University of TOKYO,1
1559,"today, we are especially committed to providing solutions to complex global issues and developing new ideas for human society through dialogue and cooperation.",University of TOKYO,1
1560,we will continue through both endeavors to increase the social contributions of the university.,University of TOKYO,1
1561,"however, we have been hindered by a lack both of discretionary funding and of a system for allocating funding within our organization on a flexible schedule.",University of TOKYO,0
1562,"as a national university, the university of tokyo has been funded largely by the national government’s tax revenues.",University of TOKYO,0
1563,"but now that the government’s finances have become strained, the university needs to secure additional funding to make up for the shortfall.",University of TOKYO,0
1564,"compared to the endowments of leading universities in other countries, however, the scale of those investments is still small and they are insufficient for strong management.",University of TOKYO,0
1565,the university is therefore urging the national government to amend the law to let utokyo establish its own endowment.,University of TOKYO,0
1566,"this would enable us to plan the retention of funds other than public funding, treat those funds as equity capital, and utilize the investment returns and principal for up-front investments for the medium to long term.",University of TOKYO,0
1567,"after the law has been amended, the portfolio may be revised toward investments with higher expected returns.",University of TOKYO,0
1568,"by achieving a strategic, risk-balanced mix of flow-type funding that supports the basic operations of the university, including public funding and student tuition fees, debt-type funding such as university bonds and loans, and equity-type funding, we will achieve truly ambidextrous management with an ideal balance between utilization and exploration.",University of TOKYO,0
1569,"in recent years, we have also diversified our finances by issuing university bonds, becoming the first national university in japan to do so.",University of TOKYO,0
1570,"as a result, the external funding of the university of tokyo has increased by an average of 12.6% per year over the past five years (graph 1).",University of TOKYO,0
1571,"going forward, we will continue to add value to the intellectual assets of the university of tokyo in diverse ways, including large-scale collaborative industry-academia innovation (pp.",University of TOKYO,0
1572,this further expansion of external funding will enable the university to continue expanding its operations.,University of TOKYO,0
1573,"while those assets include university forests and suburban research facilities (p. 23), the university’s main campuses at hongo, komaba, and shirokanedai are located in the tokyo metropolitan area, making real estate a much larger percentage of its overall assets compared to the other universities.",University of TOKYO,0
1574,"table 1 also shows the ratio of interest-bearing debt to ebitda, which is the measure preferred by rating companies (that is, cash flow excluding amortization and other items, calculated by adding interest income and depreciation expenses to ordinary profit and loss).",University of TOKYO,0
1575,"whereas that ratio is 0.5 to 1.1 for other major universities, it is only 0.4 for the university of tokyo; this low debt ratio indicates that university bonds could be used more widely as a means of funding.",University of TOKYO,0
1576,"because a university produces value by creating something out of nothing in the form of intangible intellectual assets, utokyo is currently urging the national government to further relax the restrictions on the issuance of bonds.",University of TOKYO,0
1577,scale up and increase productivity as an entity that creates social impact the investment will also yield increased income from industry-academia partnerships and donations.,University of TOKYO,1
1578,"revenues (financial resources for activities) university endowment fund* net assets extension (exploration) foundation (utilization) finance 26 27 value creation value creation2 2utokyo way 2022-2023 utokyo way 2022-2023utokyo future society initiative institute for open innovation office of university professors office of senior professors 150-year history compilation office division for financial management internal audits office utokyo legal division committee for presidential initiatives academic promotion office ir data office education and research council president selection and inspection committee administrative council comptroller administration bureau university corporate relations network advisory board meeting utokyo future society initiative advisory board utokyo global navigation board faculties and graduate schools ・	executive director and vice president ・	vice president ・	associate managing director ・	special assistant to the president ・	special adviser to the president board of directors ・	executive vice presidents president office of the president the university of tokyo’s governance structure the current state and future of diversity & inclusion (d&i) at the university of tokyo in june 2022, the university of tokyo issued “the university of tokyo statement on diversity & inclusion.” to achieve academic excellence, generate innovation in knowledge, and produce globally active professionals, it is critical that the university promote diversity and inclusion.",University of TOKYO,1
1579,"the university of tokyo aims to be a magnetic, inclusive campus where anyone can study, work, and engage in activities with peace of mind.",University of TOKYO,1
1580,"june 23, 2022 the university of tokyo statement on diversity & inclusion the university of tokyo has adopted this diversity & inclusion statement as guidance to all those involved in the university’s activities to encourage the creation of a fair and pluralistic society that respects and embraces diversity.",University of TOKYO,1
1581,1. respect for diversity constant dialogue among the diverse members of the university of tokyo community is essential to the university’s commitment to respect fundamental human rights and achieve academic excellence.,University of TOKYO,1
1582,"the university of tokyo guarantees that no members of our community will be discriminated against based on race, ethnicity, nationality, sex, gender identity, sexual orientation, age, language, religion, beliefs, political or other opinions, background, property, lineage or other social position, marital status, family relationships, lifestyle, disability, health status, career, etc.",University of TOKYO,1
1583,the university also strives to ensure that not only its constituent members but all those who collaborate with the university are respected and are aware that they belong to a community that shares the principles of this statement.,University of TOKYO,1
1584,"at the same time, as an entity supported by the state with a public role to serve, it should also have a governance structure that is open to society and enables the university to fulfill its social responsibilities.",University of TOKYO,1
1585,"・	the executive vice presidents ensure that human resources are deployed in a way that is mindful of diversity and balances knowledge, experience, and ability so that individual roles and responsibilities are carried out effectively.",University of TOKYO,1
1586,the majority of its members are appointed from outside the university and reflect a diverse range of perspectives.,University of TOKYO,1
1587,"additionally, the university of tokyo has numerous other places for dialogue, such as the utokyo global navigation board, that give voice to a diverse range of opinions.",University of TOKYO,1
1588,"achieving net-zero carbon through educational and research outcomes the university of tokyo is one of japan’s leading universities, but it also emits significant amounts of carbon dioxide.",University of TOKYO,0
1589,"in 2008, the sustainable campus project (tscp), which continues to this day, was begun with the aim of creating a sustainable campus.",University of TOKYO,0
1590,"as all this shows, the university of tokyo, as a global research university, has long been addressing climate change issues through its research, education, and administration.",University of TOKYO,0
1591,"we hereby pledge that all faculty, staff, and students will work together to promote gx.",University of TOKYO,1
1592,"as there are still very few universities in the world that have gone so far as to include scope 3 in their calculations, this is a cutting-edge effort.",University of TOKYO,0
1593,"utokyo climate action aims to halve emissions by 2030 and achieve net-zero emissions by 2050. on the other hand, our latest calculations revealed surprising environmental impacts resulting from processes induced by the purchase of goods, such as mining of raw materials, manufacturing of products, and transportation that are indirect greenhouse gas emissions through everyday activities at the university.",University of TOKYO,0
1594,"when you see it at this size, you feel like events are happening right before your eyes,” says professor hidenori watanabe of the interfaculty initiative in information studies and the graduate school of interdisciplinary information studies, as he explains the significance of representing digital archives visually on a large screen, which he likens to a “work of art.” the objects preserved in digital archives can vary widely, ranging from museum and library collections, to tangible and intangible culture properties, to industrial resources.",University of TOKYO,0
1595,the purpose of a digital archive is to preserve and store that information so that database technology and other such tools can be used with it.,University of TOKYO,0
1596,"a product of this approach is the digital archive series (figure 2), which collects and preserves on digital earth the testimonies of hiroshima and nagasaki atomic bomb professor masahiko inami of the research center for advanced science and technology has proposed the concept of jizai (i.e., people’s ability to intuitively take the actions they wish), which stands both in contrast to and parallel with the concept of automation, in which machines perform tasks that humans do not wish to, and he continues to conduct research aimed at enhancing human capabilities through the use of various technologies.",University of TOKYO,0
1597,"professor inami refers to the technology and research field of enhancing human capabilities to achieve this state of jizai as “enhancing human i/o,” and he is working to develop a variety of devices for these purposes.",University of TOKYO,0
1598,it is also a communication medium that increases empathy between the participants.,University of TOKYO,1
1599,"professor watanabe has been engaged in other activities involving digital technology in an effort to accurately record the extent of damage and to support reconstruction efforts, including the rebooting memories project, in which blackand-white photos are colorized through a collaboration between people and ai to vividly revive memories of the past, and a 3d model mapping project that shares the current state of wars and disasters occurring now through a collaboration involving people around the world connected via the internet.",University of TOKYO,0
1600,"constructed in virtual space in collaboration with a diverse range of people across borders and generations, this ever-evolving “archive of memory” will serve to connect people in spirit and lead to a better future.",University of TOKYO,1
1601,"seems to be delighted by the new things they can do, even if they are accomplishing them through a “new body.” by enhancing the capabilities of our body with these devices such that they feel like an extension of our own body rather than mere tools, we are able to learn more about our body’s functions and explore its limitations.",University of TOKYO,0
1602,"when asked about the significance of his research, professor inami explains, “through the power of technology, we can accomplish today that which was impossible yesterday, and may become able tomorrow to accomplish that which is impossible today.",University of TOKYO,0
1603,"if we believe in this, then we can remain positive about the future.” he continues to conduct research aimed at achieving physical jizai, which will surely lead to the future pursuit of mental jizai.",University of TOKYO,0
1604,"he hopes that people will view the archive not alone, but with others, and share their impressions with each other.",University of TOKYO,0
1605,"the atomic blast is represented by the red ball, while the faces of bomb survivors interviewed by local hiroshima city high school students are mapped onto the locations where they were exposed to the bomb at the time.",University of TOKYO,0
1606,solving the food crisis production will be possible independent of climate change.,University of TOKYO,0
1607,"also, because it can be produced and consumed locally without relying on imports, it is advantageous in terms of food security.",University of TOKYO,0
1608,"safety because it can be produced under sterile conditions, there is less risk of contamination by e. coli and other bacteria, which may make it possible for it to be consumed raw or even stored at room temperature.",University of TOKYO,0
1609,"likewise, there is no need to worry about zoonotic diseases like avian influenza or the problem of resistant bacteria, which result from antibiotics administered to livestock to prevent such diseases.",University of TOKYO,0
1610,"cultured meat can be produced from a small quantity of cells, thus reducing the number of animals that are sacrificed for meat.",University of TOKYO,1
1611,"while artificial intelligence (ai) has made our lives more convenient, it has also reproduced the discrimination and prejudice found in society, for example, when a black man was mistakenly identified by a facial recognition system and falsely arrested, or when a job-recruitment ai caused a stir by rating women lower and its development was suspended.",University of TOKYO,1
1612,"as a tool to promote stakeholder dialogue, associate professor ema’s research group, the technology governance research unit, ai governance project, has developed a “risk chain (rc) model.” for each of the possible risk scenarios, the model proposes a risk chain (relation of risk factors) and steps to be taken by each party (ai system developers, service providers, and users) to control risks.",University of TOKYO,0
1613,"rcmodel is currently featured in 11 case studies, including recruitment ai, unstaffed convenience stores, and cancer diagnostic ai.",University of TOKYO,0
1614,"to ensure the reliability and transparency of ai-based services, it is important that not only system developers but also service providers and users consider the values they want to promote in society, the potential risks, and how to minimize those risks.",University of TOKYO,1
1615,the rcmodel is freely available for anyone to use under a creative commons license on the institute for future initiatives website.,University of TOKYO,0
1616,by a job-recruitment ai system.societal impact service provider communication operation management scalability sustainability understandability code of conduct transparency safety privacyaccountability fairness consensus agility dignity usability correspondence auditability users understanding action user environment expectation user responsibility limitation selfdefense human autonomy controllability proper use effectiveness awarenessuser ability ai system applicationai model accuracy generalization robustness interpretability process integrity system environment traceabilitycapability confidentiality availabilitystability connectivity data data quality data balance accessibility 8. appropriate operation 5. agree with the responsibility 3. review ai model based on the fairness considerations 4. clarify targets with negative tendencies 7. final selection process 6. understand performance and negative tendencies 1. review data bias 2. review the importance of features technology and has yet to be achieved by anyone.,University of TOKYO,0
1617,"now, with the successful creation of cultured meat that can be eaten, it will be possible to actually eat the cultured meat and evaluate its taste and texture, and this is expected to promote further research.",University of TOKYO,0
1618,"while global meat consumption is expected to increase due to population growth and people’s changing lifestyles, there are also growing concerns about meat shortages and the environmental impact of livestock production.",University of TOKYO,0
1619,this has been fueling interest in cultured meat as a new meat option.,University of TOKYO,0
1620,"as part of the university, it is also a place to train the quantum professionals of tomorrow, today.",University of TOKYO,1
1621,"there are now more than 320 quantum natives who transcend the divide between the humanities and the sciences, and their numbers will only continue to grow.",University of TOKYO,0
1622,the test center is equipped with a quantum computer system testbed for evaluating components to be used in future large-scale quantum computers.,University of TOKYO,0
1623,"the same year, japan’s first gate-based commercial quantum computing system, ibm quantum system one, for which the university of tokyo has exclusive use rights, began operation at a dedicated facility in kanagawa prefecture.",University of TOKYO,0
1624,"together with companies participating in the quantum innovation initiative consortium established in 2020, the university has been using system one to promote practical applications of quantum computing in society.",University of TOKYO,0
1625,"engineers from ibm are directly involved with the collaboration center and actively exchange information with researchers from the university and qii members about the software, algorithms, and other technology needed to utilize system one.",University of TOKYO,0
1626,"these three hardware and software initiatives are based on the japan-ibm quantum partnership that was signed between ibm and the university of tokyo in december 2019. under this partnership, which allows the broad participation of other universities, public research institutions, and industry, the university of tokyo serves as a gateway that contributes to solving issues in japanese society through the research, development, and utilization of quantum computers.",University of TOKYO,1
1627,“what will the future look like once quantum computing has practical applications?,University of TOKYO,0
1628,"we imagine how society will look, share that vision with stakeholders, and work backwards to decide what needs to be done right now.",University of TOKYO,0
1629,"what makes this possible is collaborative, ‘organization-to-organization’ industry-academic innovation,” explains ibm-utokyo lab’s enthusiastic director, professor masaki kawasaki.",University of TOKYO,0
1630,"exclusive use rights to system one mean far more “machine time” (the amount of time that the quantum computers can be used for computing), and the accelerated response means that research findings are published much faster.",University of TOKYO,0
1631,"cast into a deep sleep upon her 16th birthday, she is awoken from her slumber by a kiss from the prince.",University of TOKYO,0
1632,"specifically, it captures the varied timeframes by which the knowledge produced by research is eventually put to use in society.",University of TOKYO,0
1633,"professor ichiro sakata of the school of engineering, who is also a data science expert, and his team performed a network analysis on 70 million scholarly articles and 1.2 billion citations (connections) in scopus to understand the relationship between a “sleeping beauty” and her “prince.” according to professor sakata and his colleagues, there is not necessarily a correlation between a paper’s orthometrics (a measure that assesses a scholarly article’s social impact), i.e., how frequently a paper is mentioned on social media, and its citations (a measure of the number of times a scholarly article is cited).",University of TOKYO,0
1634,but they also report many cases in which emergent research that failed to garner the academic community’s attention for many years (a sleeping beauty) suddenly has its break-out moment when it appears in a prince of an article.,University of TOKYO,0
1635,"and, from among the 70 million scholarly articles examined, the number of such miraculous matches between a sleeping beauty and her prince was reported to be more than 30,000. temporal variation has always characterized science, but the timeframe of the value it creates is itself varied and fuzzy, too.",University of TOKYO,0
1636,"we hope this story conveys that the number of citations of an article is not the only way to measure the value of research, and that there remain many studies yet to grow and flower from this diverse seedbed.",University of TOKYO,0
1637,"although these achievements greatly advanced humanity’s understanding of the properties of neutrinos, the number of topics that need to be investigated has continued to rise.",University of TOKYO,0
1638,"the hyper-kamiokande is the first of its kind in the world—a 70-meter-tall subterranean cavity that will observe elementary particles and neutrinos using an ultra-large tank equipped with ultra-sensitive optical sensors, with an effective volume 10 times greater than that of superkamiokande.",University of TOKYO,0
1639,"the purpose of the facility is to unravel the mysteries of elementary particles and the nature of the universe through discoveries relating to proton decay and violations of cp-symmetry, as well as through observations of neutrinos from supernova explosions.",University of TOKYO,0
1640,"construction continues under this international project involving more than 500 researchers from around the world, and observations are scheduled to begin in 2027. professor masato shiozawa, director of the kamioka observatory, explains the project’s significance within the context of basic research as follows: “this research aims to shed light on the fundamental science of how the universe was formed 13.8 billion years ago and how the world as we know it came to be.",University of TOKYO,0
1641,"in proceeding with the project, we recognize that this knowledge is an asset not only for japan but also humanity as a whole.” in addition, since the development of cutting-edge observation equipment requires the creation of many new devices, students are able to study physics together with a wide range of other engineering-related subjects.",University of TOKYO,1
1642,these huge experimental projects also provide opportunities to train the personnel that society needs and to foster the next generation.,University of TOKYO,1
1643,"the project team has been working to overcome the many difficulties and technical challenges it has faced along the way as it seeks to open up new horizons of knowledge.the graduate school of humanities and sociology has entered into a regional cooperation agreement with shingu city, a core city in the kumano region of wakayama prefecture, which has also been registered as a world heritage site, in an attempt to contribute to the promotion of local culture through the application and utilization of the humanities.",University of TOKYO,1
1644,"many regions in japan are rich in culture and natural environment, yet face problems such as low birthrates, aging populations, and depopulation.",University of TOKYO,0
1645,the graduate school of humanities and sociology aims to contribute to the promotion of culture through focused application of the wisdom of the humanities to identify the humanities-related issues common among such regions.,University of TOKYO,1
1646,"with the cooperation of shingu city, wakayama prefecture ( ★	on map on p. 23), the university of tokyo has been operating a hands-on activity since 2017 to provide undergraduate and graduate students with the opportunity to learn more about the culture and administration of shingu city, while experiencing the history, culture, and natural environment of kumano, which is regarded as a sacred site.",University of TOKYO,0
1647,"professor akira akiyama (an art historian) of the graduate school of humanities and sociology, who has been involved in this program since the planning stage, explained that the sacred sites of kumano, registered as a world heritage site, provide an endless treasure trove of research topics for those studying the humanities.",University of TOKYO,0
1648,"he further explained that, for the university of tokyo, which aspires to be “a university that anyone in the world would want to join,” there is much to learn from kumano, a region that has welcomed and accepted people of all walks of life regardless of religion, gender, or status for more than 1,200 years.",University of TOKYO,1
1649,"he added that students who have participated in the program have—through their experiences in kumano— come to view their own values in a more relative sense, leading to deeper observations and reflections.",University of TOKYO,0
1650,"the program provides students with opportunities to develop both physical and mental strength, which are difficult to attain in a more urban setting.",University of TOKYO,0
1651,"the mifune matsuri, an annual festival at kumano hayatama taisha shrine, has also been designated by the government as an important intangible folk cultural property.",University of TOKYO,0
1652,"this ancient ceremony re-enacts the arrival of the kumano deities from kamikura to the land of hayatama, and is renowned as the best boat festival in the kinan region.",University of TOKYO,0
1653,"initiatives for regional collaboration by the graduate school of humanities and sociology 45 utokyo way 2022-20233 action for the futurecollaboration between shingu city and the graduate school of humanities and sociology and the faculty of letters, set in motion by this hands-on activity, has since developed into holding the kumano forum to highlight the characteristics of kumano as a sacred site through mutual comparison with sacred sites in other regions and countries, as well as hands-on opportunities for international students and other participants.",University of TOKYO,0
1654,"the purpose of the agreement is to collaborate in efforts to develop research on the kumano region, to utilize such research to promote regional development as well as international communication and exchange, to provide domestic and international students with opportunities for hands-on experience and training, to revitalize the kumano region through social education on the region, and to research and preserve cultural assets.",University of TOKYO,1
1655,"in appreciation of the benefits of collaboration, michitoshi taoka, mayor of shingu city, commented that the university of tokyo’s activities in shingu city will likely generate ripple effects that go beyond the scope of academia, culture, and education.",University of TOKYO,0
1656,"shigeyasu hayami, superintendent of the shingu city board of education, who has been energetically involved in education as well as the preservation and utilization of the world heritage site, also expressed high hopes for the collaboration.",University of TOKYO,0
1657,"he keenly feels that the universal value of the sacred sites of kumano, a world heritage site of which local residents are largely unaware, is being redefined through the genuine academic achievements of the university of tokyo, and he expressed his desire for this to continue into the future.",University of TOKYO,1
1658,"under this agreement, in november 2021, the kumano project shingu branch office was established in a section of a composite cultural facility within the city, partnership agreement between shingu city and the graduate school of humanities and sociology and the faculty of letters where a researcher affiliated with the graduate school of humanities and sociology is stationed on a seasonal basis.",University of TOKYO,0
1659,"under this partnership, the graduate school of humanities and sociology, the research center for advanced science and technology, the institute of industrial science, and other participants will promote academic research to solve regional issues as well as personnel exchanges through field studies and other collaborative initiatives in which university of tokyo students reside in the prefecture for a certain period of time.",University of TOKYO,0
1660,"kumano hongu taisha kumano hayatama taisha the oto matsuri, held annually at kamikura shrine, has also been designated by the government as an important intangible folk cultural property.",University of TOKYO,0
1661,the reverse side of the agreement signed with shingu city is decorated with a protective talisman unique to the three main shrines of the kumano region.,University of TOKYO,0
1662,"kumano (the area surrounding ★on the map on p. 23), located in the southern part of the kii peninsula, the largest peninsula in japan, which juts out southward from the center of honshu into the pacific ocean, is a region blessed with a rich and varied natural environment comprised of mountains, rivers, waterfalls, and the sea.",University of TOKYO,0
1663,"in terms of notable universal value, the region was recognized as follows: “the monuments and ruins that form the cultural landscape of the kii mountain range are unique products of the fusion of shintoism and buddhism, and are good examples of the exchange and development of religious cultures in east asia.” sacred sites and pilgrimage routes in the kii mountain range, a world heritage site kumano nachi taisha unesco world heritage convention 47 utokyo way 2022-20233 action for the futuregiving to utokyo message from the university of tokyo foundation we are pleased to announce that the utokyo next 150 fund, our university’s core foundation fund, has reached a new milestone.",University of TOKYO,0
1664,"this fund is essential for the continued growth and development of our research and education programs, and we believe that expanding it is crucial for the future of our university.",University of TOKYO,0
1665,this 200 billion yen will be used to support various activities aimed at making utokyo a place that everyone will want to visit.,University of TOKYO,0
1666,"we know that achieving this goal will not be easy, but we are confident that, with your support, we can make it happen.",University of TOKYO,0
1667,thank you for your continued support and dedication to our university.,University of TOKYO,0
1668,the student supporters club scholarship contact information the student supporters club scholarship is utokyo’s unique face-to-face scholarship.,University of TOKYO,0
1669,it provides support for two years to students who are outstanding and have the potential to become future leaders but are financially needy.,University of TOKYO,1
